CREATE DATABASE  IF NOT EXISTS `library` /*!40100 DEFAULT CHARACTER SET utf8 COLLATE utf8_unicode_ci */;
USE `library`;
-- MySQL dump 10.13  Distrib 5.6.17, for Win64 (x86_64)
--
-- Host: localhost    Database: library
-- ------------------------------------------------------
-- Server version	5.6.22-log

/*!40101 SET @OLD_CHARACTER_SET_CLIENT=@@CHARACTER_SET_CLIENT */;
/*!40101 SET @OLD_CHARACTER_SET_RESULTS=@@CHARACTER_SET_RESULTS */;
/*!40101 SET @OLD_COLLATION_CONNECTION=@@COLLATION_CONNECTION */;
/*!40101 SET NAMES utf8 */;
/*!40103 SET @OLD_TIME_ZONE=@@TIME_ZONE */;
/*!40103 SET TIME_ZONE='+00:00' */;
/*!40014 SET @OLD_UNIQUE_CHECKS=@@UNIQUE_CHECKS, UNIQUE_CHECKS=0 */;
/*!40014 SET @OLD_FOREIGN_KEY_CHECKS=@@FOREIGN_KEY_CHECKS, FOREIGN_KEY_CHECKS=0 */;
/*!40101 SET @OLD_SQL_MODE=@@SQL_MODE, SQL_MODE='NO_AUTO_VALUE_ON_ZERO' */;
/*!40111 SET @OLD_SQL_NOTES=@@SQL_NOTES, SQL_NOTES=0 */;

--
-- Table structure for table `author`
--

DROP TABLE IF EXISTS `author`;
/*!40101 SET @saved_cs_client     = @@character_set_client */;
/*!40101 SET character_set_client = utf8 */;
CREATE TABLE `author` (
  `author_id` int(11) NOT NULL AUTO_INCREMENT,
  `first_name` varchar(45) NOT NULL,
  `last_name` varchar(45) NOT NULL,
  PRIMARY KEY (`author_id`),
  KEY `first_name_index` (`first_name`),
  KEY `last_name_index` (`last_name`)
) ENGINE=InnoDB AUTO_INCREMENT=762 DEFAULT CHARSET=utf8;
/*!40101 SET character_set_client = @saved_cs_client */;

--
-- Dumping data for table `author`
--

LOCK TABLES `author` WRITE;
/*!40000 ALTER TABLE `author` DISABLE KEYS */;
INSERT INTO `author` VALUES (1,'Hadassah','Nunez'),(2,'Tamara','Mcleod'),(3,'Edward','Shields'),(4,'Lareina','Glass'),(5,'Matthew','Gill'),(6,'Abra','Sims'),(7,'Grady','Marsh'),(8,'Louis','Gray'),(9,'Shaeleigh','Hudson'),(10,'Devin','Saunders'),(11,'Orla','Galloway'),(12,'Eric','Meyers'),(13,'Hyacinth','Jarvis'),(14,'Sydney','Mason'),(15,'Lillian','Rosales'),(16,'Uriel','Torres'),(17,'Lucian','Ewing'),(18,'Blossom','Meyers'),(19,'Chadwick','Sellers'),(20,'Rudyard','Stein'),(21,'Maia','Walker'),(22,'Christian','Baker'),(23,'Quentin','Higgins'),(24,'Kameko','Hayden'),(25,'Zachary','Bass'),(26,'Christian','Delacruz'),(27,'Erich','Curry'),(28,'Sebastian','Fischer'),(29,'Zena','Russo'),(30,'Carly','Moon'),(31,'Virginia','Stuart'),(32,'Aphrodite','Fuentes'),(33,'Orlando','Lamb'),(34,'Caryn','Maddox'),(35,'Gray','Terrell'),(36,'Linda','Lester'),(37,'Joseph','Spencer'),(38,'Gwendolyn','Bishop'),(39,'Isadora','Cooke'),(40,'Ina','Burch'),(41,'Finn','Carson'),(42,'Sade','Mendez'),(43,'Macey','Mcgee'),(44,'Tana','Dillon'),(45,'Iona','Norton'),(46,'Hiroko','Coffey'),(47,'Brent','Meadows'),(48,'Virginia','Pearson'),(49,'Ivan','Donaldson'),(50,'Galvin','Workman'),(51,'Gannon','Merrill'),(52,'Yolanda','Rush'),(53,'Ursa','Frost'),(54,'Brent','Whitehead'),(55,'Thor','Miranda'),(56,'Yoko','Hays'),(57,'April','York'),(58,'Josephine','Jones'),(59,'Zephania','Duran'),(60,'Hammett','Deleon'),(61,'Julie','Bartlett'),(62,'Channing','Russell'),(63,'Steven','Goodwin'),(64,'Wyoming','Bernard'),(65,'Paul','Gibson'),(66,'Cheryl','Adkins'),(67,'Abraham','Craig'),(68,'Ashton','Contreras'),(69,'Elliott','Mcdowell'),(70,'Callie','Browning'),(71,'Deacon','Dudley'),(72,'Driscoll','Vazquez'),(73,'Brynn','Middleton'),(74,'Noelle','Pratt'),(75,'Wylie','Hammond'),(76,'Yetta','Justice'),(77,'Mira','Key'),(78,'Tanek','Delgado'),(79,'Ali','Sellers'),(80,'Renee','Sweeney'),(81,'Iris','Gonzalez'),(82,'Xantha','Barr'),(83,'Whitney','Massey'),(84,'Noelle','Bond'),(85,'Odette','Henson'),(86,'Daquan','Mckay'),(87,'Duncan','Horne'),(88,'Octavius','Lopez'),(89,'Chiquita','Avery'),(90,'Colin','Miles'),(91,'Azalia','Key'),(92,'Linus','Meyer'),(93,'Murphy','Reyes'),(94,'Alden','Ford'),(95,'Hedley','Roth'),(96,'Mona','Becker'),(97,'Amethyst','Alston'),(98,'Salvador','Richard'),(99,'Tatyana','Howe'),(100,'Adena','Goodman'),(101,'Jada','Wheeler'),(102,'Todd','Blanchard'),(103,'Karly','Riley'),(104,'Xaviera','Silva'),(105,'Harriet','Burgess'),(106,'Nicholas','Donaldson'),(107,'Oliver','Clay'),(108,'Grant','Pickett'),(109,'Rhona','Salas'),(110,'Reese','Humphrey'),(111,'Anne','Hurley'),(112,'Scott','Howard'),(113,'Marah','Long'),(114,'Whoopi','May'),(115,'Nina','Murphy'),(116,'Coby','Rutledge'),(117,'Ross','Carey'),(118,'Tarik','Daniel'),(119,'Cameron','Slater'),(120,'Ralph','Griffith'),(121,'Jeremy','Madden'),(122,'Frances','Becker'),(123,'Mollie','Reyes'),(124,'Bruce','Molina'),(125,'Charde','Williams'),(126,'Gretchen','House'),(127,'Michael','Maynard'),(128,'Kirestin','Ingram'),(129,'Nash','Newman'),(130,'Olympia','Callahan'),(131,'Quamar','Neal'),(132,'Thomas','Castro'),(133,'Damian','Bradshaw'),(134,'Giacomo','Albert'),(135,'Zane','Donovan'),(136,'Francis','Lynn'),(137,'Xandra','Dawson'),(138,'Eliana','Richard'),(139,'Devin','Finch'),(140,'Lisandra','Fulton'),(141,'Evangeline','Wright'),(142,'Patrick','Pope'),(143,'Phillip','Ballard'),(144,'Xander','Brady'),(145,'Ronan','Lara'),(146,'Cathleen','Ingram'),(147,'Miranda','Conley'),(148,'Claire','Rosario'),(149,'Tashya','Figueroa'),(150,'Cassandra','Russell'),(151,'Jamal','Good'),(152,'Leilani','Bowers'),(153,'Ignatius','Townsend'),(154,'Lisandra','Carver'),(155,'Levi','Francis'),(156,'Xena','Larson'),(157,'Evelyn','Vinson'),(158,'Britanney','Welch'),(159,'Knox','Stone'),(160,'Germaine','Holland'),(161,'Brittany','Turner'),(162,'Tad','Bolton'),(163,'Forrest','Finley'),(164,'Sebastian','Phelps'),(165,'Ivy','Elliott'),(166,'Damon','Boyer'),(167,'Yeo','Allen'),(168,'Harper','Hartman'),(169,'Sawyer','Farrell'),(170,'Jennifer','Slater'),(171,'Hamish','Petty'),(172,'Cailin','Bird'),(173,'Hammett','Pugh'),(174,'Dean','Kramer'),(175,'Brynne','Bullock'),(176,'Olympia','Harrison'),(177,'Alexa','Pruitt'),(178,'Sebastian','Ford'),(179,'Chelsea','Harrington'),(180,'Justin','Nichols'),(181,'Silas','Skinner'),(182,'Kitra','Mcdaniel'),(183,'Allistair','Fox'),(184,'Skyler','Frank'),(185,'Philip','Riley'),(186,'Ivory','Blake'),(187,'Hayfa','Callahan'),(188,'Aaron','Jacobson'),(189,'Shellie','Reed'),(190,'Jacob','Murphy'),(191,'Herman','Meyer'),(192,'Hedley','Browning'),(193,'Preston','Hewitt'),(194,'Grant','Snyder'),(195,'Hyacinth','Mclaughlin'),(196,'Griffith','Witt'),(197,'Emerson','Campbell'),(198,'Chester','Tyler'),(199,'Quentin','Britt'),(200,'Sierra','Schneider'),(201,'Hammett','Boyd'),(202,'Britanni','Quinn'),(203,'Tanner','Carter'),(204,'Eugenia','Lester'),(205,'Zephania','Cleveland'),(206,'Cole','Dillon'),(207,'Bell','Lancaster'),(208,'Rogan','Benjamin'),(209,'Libby','Miller'),(210,'Uma','Cortez'),(211,'Kevyn','Ferguson'),(212,'Aspen','Brown'),(213,'Hiroko','Rosa'),(214,'Hamish','French'),(215,'Rajah','Terrell'),(216,'Plato','Hudson'),(217,'Jamal','Ferrell'),(218,'Ora','Gillespie'),(219,'Logan','Decker'),(220,'Victoria','Murphy'),(221,'Mara','Hodges'),(222,'Zeus','Fleming'),(223,'Peter','Ashley'),(224,'Flavia','Bridges'),(225,'Moses','Flynn'),(226,'Jacob','Good'),(227,'Deanna','Wilkins'),(228,'Kiona','Salinas'),(229,'Mercedes','Johns'),(230,'Macey','Hays'),(231,'Lucy','Pitts'),(232,'Edward','Spencer'),(233,'Ariel','Fowler'),(234,'Dorian','Johnson'),(235,'Brent','Gentry'),(236,'Deacon','Duffy'),(237,'Arden','Gilliam'),(238,'McKenzie','Greene'),(239,'Chantale','Gilbert'),(240,'Jaime','Clark'),(241,'Jeremy','Bradford'),(242,'Quentin','Shepherd'),(243,'Sonia','Hyde'),(244,'Freya','Rasmussen'),(245,'Halla','Ellis'),(246,'Hilel','Richardson'),(247,'Hunter','Howell'),(248,'Olga','Townsend'),(249,'Jerry','Reilly'),(250,'Victoria','Velez'),(251,'Dolan','Joyce'),(252,'Arthur','Hanson'),(253,'Ingrid','Morgan'),(254,'Damian','Rosario'),(255,'Tyler','Lee'),(256,'Hall','Hale'),(257,'April','Richmond'),(258,'Stephen','Holcomb'),(259,'Reece','Strickland'),(260,'Caryn','Flowers'),(261,'Yasir','Vazquez'),(262,'Haley','Randolph'),(263,'Cynthia','Ratliff'),(264,'Sonia','Page'),(265,'Fletcher','Lewis'),(266,'Abigail','Burnett'),(267,'Keefe','Bradford'),(268,'Abra','Lane'),(269,'Carly','Tucker'),(270,'Amery','Stanton'),(271,'Wallace','Blankenship'),(272,'Keith','Santana'),(273,'Zahir','Solomon'),(274,'Dale','Clemons'),(275,'Avram','Hawkins'),(276,'Zachary','Velasquez'),(277,'Dolan','Shannon'),(278,'Lila','Odom'),(279,'Deirdre','Lyons'),(280,'Ebony','Conner'),(281,'Maris','Montoya'),(282,'Brielle','Maxwell'),(283,'Shelby','Kennedy'),(284,'Martina','Cobb'),(285,'Carla','Harrington'),(286,'Idona','Harding'),(287,'Fulton','Stuart'),(288,'Raymond','Barnes'),(289,'Isabella','Mercer'),(290,'Tucker','Goodman'),(291,'Mason','Hanson'),(292,'Kylan','Adkins'),(293,'Daniel','Brewer'),(294,'Simon','Warner'),(295,'Lila','Cash'),(296,'Hedy','Bolton'),(297,'Ulla','Wilkins'),(298,'Suki','Mcleod'),(299,'Reuben','Spears'),(300,'Remedios','Stark'),(301,'Joel','Mckenzie'),(302,'Aquila','Lloyd'),(303,'Daquan','Noel'),(304,'Camden','Patrick'),(305,'Erin','Randolph'),(306,'Wyatt','Pickett'),(307,'Brynne','Becker'),(308,'Olga','Howe'),(309,'Olivia','Bonner'),(310,'Desirae','Tillman'),(311,'Kyle','Pickett'),(312,'Driscoll','Middleton'),(313,'Raja','White'),(314,'Otto','Steele'),(315,'Amanda','Gentry'),(316,'Matthew','Harding'),(317,'Barry','Whitaker'),(318,'Mia','Warner'),(319,'Ima','Higgins'),(320,'Cameron','Curry'),(321,'Rashad','Kelley'),(322,'Tate','Robles'),(323,'Maggy','Cannon'),(324,'Giacomo','Jones'),(325,'Julian','Haynes'),(326,'Aristotle','Salinas'),(327,'Kristen','Delaney'),(328,'Quyn','Burton'),(329,'Odessa','Burch'),(330,'Bryar','Bailey'),(331,'Uriah','Hale'),(332,'Mia','Dunlap'),(333,'Stuart','Bartlett'),(334,'Hamilton','Fuentes'),(335,'Randall','Olsen'),(336,'Hashim','Cannon'),(337,'Megan','Gardner'),(338,'Karen','Tanner'),(339,'Garth','Whitney'),(340,'Aaron','Banks'),(341,'Hilda','Hopkins'),(342,'Hayes','Roach'),(343,'Amal','Lucas'),(344,'Leila','Robles'),(345,'Thor','Higgins'),(346,'Alika','Becker'),(347,'Kylee','Pitts'),(348,'Nicholas','Patrick'),(349,'Libby','Foster'),(350,'Olga','Morales'),(351,'Bell','Hartman'),(352,'Idona','Briggs'),(353,'Gary','Spencer'),(354,'Amanda','Hammond'),(355,'Wylie','Bean'),(356,'Justine','Wynn'),(357,'Kirby','Buckley'),(358,'Risa','Guzman'),(359,'Brenden','Adkins'),(360,'Eve','Hamilton'),(361,'Duncan','Mayo'),(362,'Kieran','Richard'),(363,'Robin','Decker'),(364,'Lionel','Owens'),(365,'Azalia','Frederick'),(366,'Drew','Knight'),(367,'Jada','Phelps'),(368,'Asher','Franks'),(369,'Cora','Soto'),(370,'Imogene','Adkins'),(371,'Heidi','Burgess'),(372,'Dean','Nash'),(373,'Gloria','Evans'),(374,'Regina','Beard'),(375,'Amos','Gonzales'),(376,'Kennedy','Frank'),(377,'Jena','Palmer'),(378,'Sybill','Nelson'),(379,'Vance','Marks'),(380,'Ella','Scott'),(381,'Tanya','Berry'),(382,'Omar','Douglas'),(383,'Charlotte','Munoz'),(384,'Lane','Dawson'),(385,'Nora','Reynolds'),(386,'Bert','Haynes'),(387,'Hope','Woods'),(388,'Kessie','Cohen'),(389,'Bruce','Jefferson'),(390,'Wang','Bean'),(391,'Iliana','Flowers'),(392,'Xantha','Keller'),(393,'John','Dawson'),(394,'Quintessa','Hamilton'),(395,'Deborah','Norris'),(396,'Cairo','Stark'),(397,'Maia','Barker'),(398,'Keely','Page'),(399,'Emery','Mccormick'),(400,'Cheryl','Blevins'),(401,'Eliana','Mcknight'),(402,'Kameko','Odonnell'),(403,'Connor','Parrish'),(404,'Veda','Avery'),(405,'Julie','Cortez'),(406,'Flynn','Haney'),(407,'Wang','Harris'),(408,'Tobias','Stokes'),(409,'Laurel','Carrillo'),(410,'Brenda','Lopez'),(411,'Axel','Oconnor'),(412,'Kimberly','Petty'),(413,'Celeste','Flynn'),(414,'Lane','Santiago'),(415,'Sasha','Burris'),(416,'Cora','Deleon'),(417,'Reese','Sears'),(418,'Harriet','Buckner'),(419,'Barrett','Brennan'),(420,'Kennan','Walker'),(421,'Colton','Knox'),(422,'Tate','Lawson'),(423,'Shay','Rivera'),(424,'Germaine','Combs'),(425,'Priscilla','Wagner'),(426,'Alice','Battle'),(427,'Zena','Daniel'),(428,'Britanney','Craft'),(429,'Adena','Marshall'),(430,'Candice','Pitts'),(431,'Adrienne','Berry'),(432,'Celeste','Freeman'),(433,'Ryder','Hoover'),(434,'Sylvester','Jimenez'),(435,'Merritt','Brown'),(436,'Rahim','Golden'),(437,'Kenneth','Fitzpatrick'),(438,'Lareina','Gentry'),(439,'Kelly','Cummings'),(440,'Mohammad','Walls'),(441,'Gage','Hartman'),(442,'Basil','Conner'),(443,'Cooper','Downs'),(444,'Colt','Stuart'),(445,'Cole','Chambers'),(446,'Kirk','Mccormick'),(447,'Branden','Stewart'),(448,'Maite','Klein'),(449,'Odysseus','Ware'),(450,'Ella','Boone'),(451,'Colby','Kinney'),(452,'Moses','Clemons'),(453,'Martena','Anthony'),(454,'Stewart','Sparks'),(455,'Autumn','Kirkland'),(456,'Malik','Villarreal'),(457,'Amy','Green'),(458,'Kadeem','Carver'),(459,'Kelly','Keith'),(460,'Kalia','George'),(461,'Abbot','Garrett'),(462,'Shannon','Marquez'),(463,'Colorado','Burnett'),(464,'Chloe','Daugherty'),(465,'Fitzgerald','Barker'),(466,'Adele','Joseph'),(467,'Veda','Moss'),(468,'Victoria','Ortega'),(469,'Judith','Norris'),(470,'Yasir','Reyes'),(471,'Jeremy','Hays'),(472,'Aristotle','Ortega'),(473,'Roth','Schwartz'),(474,'Benjamin','Flores'),(475,'Shelby','Rivers'),(476,'Adena','Mcbride'),(477,'Isaac','Dennis'),(478,'Emmanuel','Calhoun'),(479,'Aaron','Mills'),(480,'Karyn','Osborn'),(481,'Amery','Bush'),(482,'Tiger','Gonzalez'),(483,'Nero','Wong'),(484,'Demetria','Alford'),(485,'Imogene','Booker'),(486,'Clark','Townsend'),(487,'Chase','Ruiz'),(488,'Jerome','Sanders'),(489,'Jacob','Clark'),(490,'Dieter','Keller'),(491,'Arthur','Noble'),(492,'Lyle','Ross'),(493,'Natalie','Fox'),(494,'Ahmed','Mcdowell'),(495,'Margaret','Guerrero'),(496,'Reed','Soto'),(497,'Russell','Stevens'),(498,'Charissa','Suarez'),(499,'Cecilia','Wynn'),(500,'Wynter','Garner'),(501,'Beck','Winters'),(502,'Fallon','Paul'),(503,'Cherokee','Kennedy'),(504,'Xanthus','Small'),(505,'Dolan','Villarreal'),(506,'Hanna','Vincent'),(507,'Leo','Mccray'),(508,'Porter','Glover'),(509,'Avram','Owens'),(510,'Cameron','Wood'),(511,'Nash','Sandoval'),(512,'Leroy','Hancock'),(513,'Luke','Ratliff'),(514,'Ann','Moses'),(515,'Eve','Watson'),(516,'Jason','Stephenson'),(517,'Todd','Deleon'),(518,'Steel','Jacobs'),(519,'Scarlet','Harvey'),(520,'Jack','Kaufman'),(521,'Amal','Quinn'),(522,'Aidan','Garrison'),(523,'Ina','Strickland'),(524,'Sophia','Mcdowell'),(525,'Oleg','Carson'),(526,'Dante','Frye'),(527,'Barclay','Hebert'),(528,'Cadman','Chambers'),(529,'Brooke','Barry'),(530,'Petra','Acosta'),(531,'Lester','Rodgers'),(532,'Colton','Kidd'),(533,'Nyssa','Ayers'),(534,'Price','Reed'),(535,'Leah','Montoya'),(536,'Grant','Whitney'),(537,'Ira','Saunders'),(538,'Rama','Mercado'),(539,'Arsenio','Kinney'),(540,'Abra','Newman'),(541,'Jarrod','Douglas'),(542,'Guy','Lawrence'),(543,'Demetria','Flowers'),(544,'Alma','Leach'),(545,'Cora','Kerr'),(546,'Jena','Mendez'),(547,'Brett','Reeves'),(548,'Buffy','Dodson'),(549,'Neville','Mason'),(550,'Timothy','Butler'),(551,'Elton','Mcguire'),(552,'Bevis','Serrano'),(553,'Aline','Pearson'),(554,'Benjamin','Mclean'),(555,'Slade','Browning'),(556,'Mason','Gamble'),(557,'Kato','Mckay'),(558,'Gray','Ratliff'),(559,'Blake','Whitley'),(560,'Quail','Kidd'),(561,'Kelsie','Dillon'),(562,'Catherine','Crawford'),(563,'John','Cooley'),(564,'Megan','Ross'),(565,'Lilah','Bean'),(566,'Demetrius','Buckner'),(567,'Eric','Curry'),(568,'Armand','Vang'),(569,'Justin','Scott'),(570,'Vance','Spencer'),(571,'Wallace','Garza'),(572,'Yetta','Ferrell'),(573,'Maggy','Williamson'),(574,'Myra','Jennings'),(575,'Steel','Austin'),(576,'Tara','Riggs'),(577,'Solomon','Guthrie'),(578,'Julie','Koch'),(579,'Chantale','Mccarty'),(580,'Jaime','Holmes'),(581,'Philip','Fry'),(582,'Merrill','Vargas'),(583,'Macon','Galloway'),(584,'Rebecca','Carpenter'),(585,'Inez','Burns'),(586,'Oscar','Grimes'),(587,'Lionel','Ochoa'),(588,'Priscilla','Abbott'),(589,'Luke','Jimenez'),(590,'Zelenia','Boyle'),(591,'Quintessa','Knapp'),(592,'Baxter','Compton'),(593,'Tyler','Santana'),(594,'Justina','Levine'),(595,'Sharon','Petty'),(596,'Uriah','Burris'),(597,'Beck','Durham'),(598,'Lars','Bauer'),(599,'Sigourney','Bartlett'),(600,'Vivian','Brown'),(601,'Alan','Moses'),(602,'Ivy','Potts'),(603,'Mona','Pennington'),(604,'Declan','Roy'),(605,'Caesar','Osborne'),(606,'Julian','Horn'),(607,'Dolan','Hebert'),(608,'Nero','Lloyd'),(609,'Victoria','Juarez'),(610,'Zena','Wade'),(611,'Xyla','Lamb'),(612,'Tobias','Kerr'),(613,'Germane','Gillespie'),(614,'Kathleen','Mullins'),(615,'Laurel','Woodward'),(616,'Hedy','Russo'),(617,'Rogan','Davidson'),(618,'Caryn','Warren'),(619,'Kylan','Holt'),(620,'Stewart','Gould'),(621,'Hall','Moon'),(622,'Herman','Velazquez'),(623,'Rebekah','Grant'),(624,'Leslie','Byers'),(625,'Hedley','Moran'),(626,'Porter','Benton'),(627,'Janna','Cooke'),(628,'Dane','Reeves'),(629,'Carissa','Casey'),(630,'Kelly','Delaney'),(631,'Briar','Mccullough'),(632,'Logan','Stanton'),(633,'Buckminster','Avery'),(634,'Hayden','Pope'),(635,'Carl','Santiago'),(636,'Burke','Mcconnell'),(637,'Ella','Decker'),(638,'Iliana','Fleming'),(639,'Amos','Hansen'),(640,'Sierra','Bradshaw'),(641,'Gail','Everett'),(642,'Lois','Irwin'),(643,'Madison','Tillman'),(644,'Ulla','Cross'),(645,'Giselle','Baldwin'),(646,'Gay','Velasquez'),(647,'Gage','Farmer'),(648,'Marshall','Cruz'),(649,'Kameko','Quinn'),(650,'Jada','Pratt'),(651,'Alfreda','Harrell'),(652,'Clementine','Nielsen'),(653,'Avram','Knapp'),(654,'Cole','Bender'),(655,'Amaya','Woodward'),(656,'Gil','Lloyd'),(657,'Caesar','Lang'),(658,'Liberty','Blankenship'),(659,'Dara','Beard'),(660,'Cheryl','Cote'),(661,'Kyle','Graham'),(662,'Harlan','England'),(663,'Chanda','Kirkland'),(664,'Marah','Steele'),(665,'Althea','Rodriquez'),(666,'Theodore','Cotton'),(667,'Dexter','Fischer'),(668,'Armando','Mckenzie'),(669,'Delilah','Gibbs'),(670,'Bradley','Velez'),(671,'Beverly','Patel'),(672,'Rosalyn','Graves'),(673,'Ignacia','Gonzales'),(674,'Iris','Gonzalez'),(675,'Sophia','Perez'),(676,'William','Cook'),(677,'Mara','Vaughn'),(678,'Linda','Foster'),(679,'Whitney','Finley'),(680,'Bree','Clarke'),(681,'Emmanuel','Rocha'),(682,'Orlando','Kerr'),(683,'Marvin','Guy'),(684,'Elvis','Weiss'),(685,'Quentin','Trujillo'),(686,'Iona','Hudson'),(687,'Wylie','Herrera'),(688,'Simon','Love'),(689,'Whoopi','Rasmussen'),(690,'Kelly','Lester'),(691,'Buffy','Mosley'),(692,'Orson','Wallace'),(693,'Gabriel','Vaughn'),(694,'Colt','Brown'),(695,'Berk','Smith'),(696,'Clark','Ferrell'),(697,'Rana','Bruce'),(698,'Axel','Alston'),(699,'Hanae','Chen'),(700,'Iola','Harrington'),(701,'Vanna','Short'),(702,'Jolie','Rollins'),(703,'Amber','Lowery'),(704,'Guinevere','Berry'),(705,'Cameron','Carrillo'),(706,'Solomon','Snow'),(707,'Shaeleigh','Dunlap'),(708,'Nero','Carney'),(709,'Martina','Butler'),(710,'Aladdin','Ortega'),(711,'Alexander','Holden'),(712,'Len','Swanson'),(713,'Roth','Obrien'),(714,'Quynn','Patrick'),(715,'Ursa','Wilder'),(716,'Deanna','Delgado'),(717,'Cedric','Leach'),(718,'Patricia','Riddle'),(719,'Brady','Lang'),(720,'Bo','Brennan'),(721,'Ann','Nash'),(722,'Louis','Allison'),(723,'Ursa','Pickett'),(724,'Axel','Hill'),(725,'Fleur','Santos'),(726,'Desiree','Copeland'),(727,'Honorato','Long'),(728,'Colleen','Bright'),(729,'Emma','Sanders'),(730,'Cathleen','Berger'),(731,'Raja','Valentine'),(732,'Melissa','Herrera'),(733,'Basia','Harrell'),(734,'Ramona','Summers'),(735,'Clare','Lawson'),(736,'Knox','Yates'),(737,'Karleigh','Collier'),(738,'Xander','Kemp'),(739,'Slade','Marshall');
/*!40000 ALTER TABLE `author` ENABLE KEYS */;
UNLOCK TABLES;

--
-- Table structure for table `book`
--

DROP TABLE IF EXISTS `book`;
/*!40101 SET @saved_cs_client     = @@character_set_client */;
/*!40101 SET character_set_client = utf8 */;
CREATE TABLE `book` (
  `book_id` int(11) NOT NULL AUTO_INCREMENT,
  `headline` varchar(90) NOT NULL,
  `year_of_publishing` date DEFAULT NULL,
  `ISBN` varchar(45) NOT NULL,
  PRIMARY KEY (`book_id`),
  UNIQUE KEY `ISBN_UNIQUE` (`ISBN`),
  KEY `headline_index` (`headline`),
  KEY `year_index` (`year_of_publishing`)
) ENGINE=InnoDB AUTO_INCREMENT=1006 DEFAULT CHARSET=utf8;
/*!40101 SET character_set_client = @saved_cs_client */;

--
-- Dumping data for table `book`
--

LOCK TABLES `book` WRITE;
/*!40000 ALTER TABLE `book` DISABLE KEYS */;
INSERT INTO `book` VALUES (1,'Lectus','1996-11-16','926-4-1856673-8-8'),(2,'Luctus at dapibus','1993-06-12','391-6-634590-76-0'),(3,'Vestibulum eget tellus','2005-06-29','132-8-9877566-1-1'),(4,'Ultricies vestibulum','1998-05-02','987-8-70062-418-7'),(5,'Maecenas Sed hymenaeos','1996-06-25','434-9-5543-2385-4'),(6,'Integer magna Pellentesque tempor Aliquam','2013-11-01','392-1-86067-797-0'),(7,'Interdum Sed fringilla tellus odio massa','2013-01-10','838-1-0772-4139-8'),(8,'Dui eleifend','2001-12-06','353-4-944498-80-9'),(9,'Elementum Nam aliquet','2005-03-04','881-1-63-159116-4'),(10,'Quisque congue cursus nonummy arcu','2004-12-14','114-0-49608-878-0'),(11,'Molestie elit diam','2008-04-01','166-1-0790928-9-3'),(12,'A Proin','1996-08-01','112-2-01-790635-3'),(13,'Vehicula ante','2002-08-04','126-6-9102-1311-8'),(14,'Aliquet morbi placerat Quisque nonummy fringilla','2012-12-08','015-2-40-527517-6'),(15,'Neque bibendum ultrices','1997-04-18','231-4-6981405-5-8'),(16,'Condimentum inceptos Suspendisse ridiculus','2009-07-18','620-4-97472-939-3'),(17,'Pede vulputate risus libero fringilla hymenaeos','1992-03-28','238-8-7430-7876-6'),(18,'Lectus felis sit sollicitudin volutpat','1993-02-16','812-3-9031-0875-7'),(19,'Auctor hymenaeos','2007-10-01','359-2-8793-8792-5'),(20,'Venenatis hendrerit est','1990-03-09','262-6-29983-640-1'),(21,'Euismod odio lacus','2009-04-16','833-1-20960-446-8'),(22,'Parturient pretium natoque faucibus nulla ante','2012-08-19','134-5-5486226-9-3'),(23,'Parturient pulvinar Pellentesque urna Donec','1993-04-09','805-5-97042-362-9'),(24,'Suscipit sapien','1996-12-22','659-8-2087488-7-4'),(25,'Nisi','1997-01-04','875-3-6912883-1-7'),(26,'Rhoncus ante cubilia aptent','2009-01-25','465-3-413058-67-7'),(27,'Nostra non','2013-05-16','092-3-318533-06-7'),(28,'Placerat rutrum interdum semper','1991-10-31','123-9-2422-5501-2'),(29,'Enim','1998-12-13','876-9-59081-173-0'),(30,'Tristique sem orci','2005-11-20','811-5-07312-629-8'),(31,'Venenatis vestibulum feugiat','2002-04-16','129-6-81466-208-6'),(32,'Netus ridiculus','2007-08-04','413-5-1763-2065-0'),(33,'Mus Vivamus quis','2005-10-28','125-9-04915-571-6'),(34,'Fames imperdiet','2013-09-16','364-5-174891-89-0'),(35,'Id venenatis quis non','2005-07-07','459-3-3833-1866-0'),(36,'Hendrerit malesuada','2013-06-11','338-9-98-346798-9'),(37,'Bibendum Duis neque lobortis','1996-03-10','533-0-600786-48-8'),(38,'Ligula primis feugiat dolor erat mi','1991-11-11','648-7-5488-4293-7'),(39,'Lectus','2002-09-09','550-5-88-341967-6'),(40,'Fames','2004-09-07','832-6-20458-404-4'),(41,'Ante Praesent','2014-10-29','000-6-296487-75-2'),(42,'Bibendum facilisi ullamcorper fames inceptos','2001-06-05','488-5-65-719977-7'),(43,'Lacinia nec nunc Phasellus congue','2008-08-22','558-0-18-452200-7'),(44,'Suspendisse facilisi Cras eget','2009-09-05','381-3-0361144-6-9'),(45,'Posuere accumsan nec montes risus','1995-04-23','644-0-523777-99-3'),(46,'Scelerisque','2012-08-18','653-5-828792-14-3'),(47,'Consequat quis a','2008-04-08','302-7-1440-5519-2'),(48,'Lorem sem','2001-03-07','483-9-14-902780-4'),(49,'Velit velit','2002-10-06','203-4-05-749412-3'),(50,'Amet mus','1997-03-09','616-2-383581-38-9'),(51,'Luctus Lorem','1991-09-16','115-7-59-305436-9'),(52,'Cursus ultrices cursus molestie','2001-09-26','581-6-87-568060-6'),(53,'Parturient bibendum natoque erat varius et','1991-10-25','721-6-5027-9081-4'),(54,'Pretium parturient malesuada','2000-05-02','906-2-6526404-6-3'),(55,'Magna pulvinar blandit purus','2006-08-23','900-2-6955-9846-1'),(56,'Erat in dapibus iaculis aliquet','1995-06-16','148-9-4608-5176-1'),(57,'Placerat vitae mauris pulvinar nonummy','2001-05-19','911-0-1842503-9-1'),(58,'Nisi mattis tortor gravida','1995-12-11','193-0-90579-507-9'),(59,'Quis eleifend vitae conubia','1991-11-02','706-5-46-652822-3'),(60,'Posuere ridiculus vel','2000-10-22','288-9-786651-15-9'),(61,'Dolor torquent','1999-10-28','790-7-29-606246-9'),(62,'Euismod mi fermentum faucibus Proin','2008-09-20','160-5-45517-214-3'),(63,'Nostra convallis vulputate','2006-06-28','541-8-07399-205-0'),(64,'Vulputate','1995-07-23','150-5-30-998616-9'),(65,'Mi aliquet odio malesuada lectus','1992-01-17','289-9-23469-917-0'),(66,'Bibendum laoreet scelerisque vel','1994-02-06','485-4-8073045-0-6'),(67,'Pede ligula Proin ac','2012-09-09','632-5-71075-921-4'),(68,'Magna lorem vulputate dis eleifend','1993-02-16','344-7-96-958736-2'),(69,'Mollis','2006-07-22','667-3-896853-43-0'),(70,'Luctus lobortis nulla convallis viverra','2008-11-08','567-3-097554-92-3'),(71,'Ad adipiscing ridiculus venenatis','1998-10-30','836-2-0177721-7-3'),(72,'Ultrices nibh rutrum placerat Quisque Duis','1997-05-08','387-8-5308-3397-2'),(73,'Mattis id consectetuer Class quis turpis','1990-05-09','566-2-2185324-8-2'),(74,'Condimentum fringilla volutpat','2011-09-01','381-4-6754509-5-1'),(75,'Ipsum sollicitudin Vivamus accumsan nonummy','2002-12-02','543-3-49319-739-9'),(76,'Vestibulum turpis sociis Aliquam blandit pharetra','2001-04-08','482-5-00-965485-4'),(77,'Primis','2010-10-21','862-7-8916-0145-9'),(78,'Tempor pharetra','2007-01-13','815-0-913049-36-1'),(79,'Consectetuer','1994-04-15','825-6-684107-15-9'),(80,'Non faucibus consequat','1999-02-21','523-3-636631-97-0'),(81,'Vestibulum diam Curabitur volutpat dis','1990-07-28','264-3-0411-0239-1'),(82,'Tempus','2014-01-01','333-2-72699-251-0'),(83,'Penatibus hendrerit tristique','1996-11-13','626-3-50757-239-5'),(84,'Ridiculus est euismod','2013-08-21','613-2-840393-24-3'),(85,'Accumsan Cras','2005-12-22','644-7-7140049-7-0'),(86,'Fermentum id','2014-07-06','263-2-018294-84-8'),(87,'Pulvinar','2010-10-18','505-4-2773809-3-4'),(88,'Sodales erat','2014-07-01','549-6-458054-67-9'),(89,'Ut In natoque Fusce','2005-12-18','742-4-5816-6004-4'),(90,'Posuere tortor nisl','2002-07-04','658-0-89-583180-6'),(91,'Facilisi Curabitur ridiculus','1995-10-08','931-9-63-263214-3'),(92,'Tristique','2008-09-13','147-7-7337291-6-9'),(93,'Felis porta','2004-01-20','971-3-43-591937-6'),(94,'Aptent elit tempor','2014-02-04','628-9-1798-8551-6'),(95,'Sagittis hendrerit pellentesque erat faucibus','2002-08-07','864-5-9778292-9-5'),(96,'Tellus Etiam convallis','1996-02-24','875-3-31-104111-1'),(97,'Adipiscing nisi','1990-05-20','144-2-390485-06-9'),(98,'Leo Nulla placerat Vestibulum Duis','1994-09-17','491-8-4520-3860-4'),(99,'Ornare','2002-07-30','090-1-52-401889-0'),(100,'Gravida mi pede Nullam scelerisque','1998-03-01','773-1-95137-723-8'),(101,'Fames dignissim porttitor rhoncus','2010-10-15','613-7-1746-4718-4'),(102,'Lacus adipiscing sem','1999-10-15','683-9-83504-433-0'),(103,'Turpis Fusce Phasellus','1994-11-20','944-1-50904-996-6'),(104,'Cursus','2000-01-25','192-5-6170-0608-1'),(105,'Vestibulum placerat nibh','2005-03-18','990-9-6550324-8-1'),(106,'Sociosqu ornare metus consectetuer aliquet facilisis','2012-11-29','502-0-676771-84-4'),(107,'Tortor torquent','1990-08-27','622-0-507367-92-4'),(108,'Facilisis','2013-03-20','167-4-62-816827-6'),(109,'Conubia Fusce in lorem ut','1994-06-02','014-9-3164-1615-6'),(110,'Ac accumsan dolor','2008-06-15','667-1-7426092-6-6'),(111,'Nonummy metus tincidunt felis tellus odio','2011-06-20','182-3-862645-42-3'),(112,'Sed feugiat','2000-03-28','364-5-6808-1619-4'),(113,'Sit tempus','2003-09-06','280-3-529507-34-1'),(114,'Lacinia Vestibulum ornare eros id arcu','2005-06-30','774-6-28102-281-2'),(115,'Mus taciti ut Class quam','2014-11-21','320-3-52195-871-2'),(116,'Phasellus ultrices tristique nibh vel vitae','2007-07-26','116-5-9046379-3-7'),(117,'Cursus','2014-01-02','683-0-56106-330-6'),(118,'Aliquam sit','2014-05-14','610-9-91-718363-2'),(119,'Donec rutrum inceptos gravida vehicula','1993-10-12','619-7-6452-3970-0'),(120,'Pede vel','2010-11-17','849-2-9110-4894-0'),(121,'Proin porttitor mollis augue id','1995-01-21','902-0-6207539-0-0'),(122,'Nunc feugiat feugiat','2000-01-25','261-2-83-483668-0'),(123,'Erat varius amet','1996-07-03','444-1-36-863722-3'),(124,'Orci quis Morbi','2009-12-28','129-3-76-549832-1'),(125,'Integer sollicitudin eget accumsan','2009-07-12','582-0-5518-5778-2'),(126,'Inceptos Morbi ultricies lobortis','1991-04-03','242-0-29-844481-7'),(127,'Blandit velit tincidunt porta suscipit Morbi','1994-10-14','079-0-2146916-5-6'),(128,'Ante pretium','2006-03-12','523-8-0386-6431-3'),(129,'Auctor mollis lacinia eleifend','2004-08-03','282-4-908573-98-9'),(130,'Pede enim','2002-05-10','710-3-84414-841-0'),(131,'Risus dignissim aptent lacus cubilia','1991-04-30','588-0-585822-39-6'),(132,'Penatibus mauris vulputate mauris','2002-04-09','703-7-7675-1556-4'),(133,'Porttitor','1995-04-30','236-0-30-918141-5'),(134,'Sed ornare mus Nam ultrices','2003-05-02','562-8-410144-88-5'),(135,'Nullam sapien','2011-01-08','772-4-10534-115-0'),(136,'Eleifend fringilla varius fringilla eget nonummy','2002-01-29','729-3-1888-9418-8'),(137,'Nibh sagittis nascetur','1995-03-03','129-4-14773-542-8'),(138,'Libero mattis senectus Nullam Aliquam eleifend','1990-05-05','588-4-8930727-8-8'),(139,'A congue congue ad nec','1999-04-15','368-6-751106-82-3'),(140,'Mattis varius montes pharetra nascetur','2011-11-03','801-7-115113-32-0'),(141,'Pellentesque sapien','1993-10-24','141-7-83469-724-4'),(142,'Aptent pretium Praesent','1998-08-02','901-4-45129-573-2'),(143,'Nisi litora magna','1995-02-06','372-0-3571-0714-1'),(144,'Suspendisse mollis in mattis','1998-06-13','924-0-1224-7447-9'),(145,'Dapibus morbi ipsum quam hymenaeos','2013-12-12','059-3-6127-3236-3'),(146,'Venenatis odio dui','1993-02-06','297-5-30232-385-1'),(147,'Ligula litora vehicula Nam','1993-01-17','666-6-5614083-7-7'),(148,'Semper','1993-02-18','732-3-82-985412-7'),(149,'Lectus torquent Morbi euismod ut','1997-05-15','836-1-847778-32-4'),(150,'Curabitur','1991-03-20','825-2-0473181-0-8'),(151,'Blandit','2004-06-25','767-8-53-859384-1'),(152,'Donec accumsan ipsum Sed Pellentesque','2000-03-30','717-4-79-704339-7'),(153,'Integer','2014-10-07','475-8-91-409172-1'),(154,'Ornare mauris','2012-11-08','650-1-240944-99-7'),(155,'Hymenaeos','1993-03-07','851-8-5572-7705-6'),(156,'Lobortis iaculis aliquet','2004-04-26','618-3-258448-26-0'),(157,'Ad lobortis taciti faucibus gravida sociosqu','1992-06-13','596-7-255453-21-0'),(158,'Ut ligula Nulla sollicitudin commodo condimentum','1991-05-26','301-7-72595-577-5'),(159,'Semper nostra','1993-09-28','171-9-7434404-0-4'),(160,'Aptent','2009-08-28','501-8-3844716-9-0'),(161,'Rhoncus mauris nunc Curabitur','2006-07-11','766-5-66987-271-9'),(162,'Condimentum et adipiscing','2010-11-16','920-5-770754-24-0'),(163,'Ridiculus facilisis nec adipiscing ligula','2013-11-03','113-9-7338525-5-9'),(164,'Amet','2013-03-11','009-6-613817-47-2'),(165,'At aptent sagittis condimentum faucibus ultricies','2013-02-22','595-2-21926-738-9'),(166,'Arcu viverra sagittis pede Nunc a','2007-10-15','855-0-0459-6424-6'),(167,'Faucibus fringilla Nullam Vestibulum convallis pellentesque','2003-07-10','674-6-796263-90-4'),(168,'Gravida a pretium senectus fringilla','2010-11-08','835-7-0249022-4-8'),(169,'Faucibus convallis eleifend Donec','1991-07-31','380-6-8193-1115-4'),(170,'A','1999-03-01','782-5-77085-160-4'),(171,'Ultricies Quisque dignissim sociis penatibus Donec','2009-11-12','985-0-2331808-7-2'),(172,'Odio lacus erat','2010-02-08','572-2-311302-72-2'),(173,'Cum augue dolor','2014-01-12','233-2-51-691742-2'),(174,'Morbi venenatis Proin rutrum purus lacus','2013-10-16','248-7-904503-83-7'),(175,'Venenatis','2013-01-18','763-1-1469548-3-5'),(176,'Adipiscing leo ut ultrices nisi','2014-01-21','542-7-38959-669-2'),(177,'Quam consectetuer','1998-02-13','367-5-506103-96-0'),(178,'Nulla sagittis porttitor','1995-03-02','959-4-170953-39-1'),(179,'Fringilla dictum fames conubia','2000-11-27','649-1-7148-1229-7'),(180,'Nascetur volutpat Mauris','1997-06-15','196-5-0408-9644-3'),(181,'Augue mi mus','2010-03-17','738-4-8651-4430-5'),(182,'Orci in molestie accumsan','1991-07-29','524-7-86-824521-1'),(183,'Id volutpat parturient torquent dui','2004-01-27','887-1-2182-1338-5'),(184,'Eu fringilla lorem id arcu','2012-01-28','335-4-1207360-5-4'),(185,'Commodo','1991-06-13','964-8-19-609648-0'),(186,'Conubia','1999-07-08','965-6-1980-2575-7'),(187,'Velit','2014-09-16','854-8-708875-32-2'),(188,'Ridiculus Vivamus','2003-09-12','812-8-0798677-1-1'),(189,'In accumsan Aliquam Class morbi','2006-03-22','661-1-931372-52-5'),(190,'Senectus Quisque interdum at penatibus','2002-09-20','061-7-1582110-8-7'),(191,'Nec sagittis interdum enim diam massa','2004-11-16','941-7-39-288956-2'),(192,'Dignissim viverra iaculis consequat sem magnis','2004-05-04','447-2-1003175-7-1'),(193,'Cum laoreet at dictum','2013-02-06','840-6-7256095-0-3'),(194,'Curabitur varius Maecenas Donec pretium','1997-04-01','145-7-5909935-4-2'),(195,'Duis','2007-10-04','634-7-186795-45-0'),(196,'Vitae Curae elit ad','1995-08-05','541-0-121101-71-4'),(197,'Blandit molestie eu Pellentesque','1996-12-15','515-0-9539-1649-4'),(198,'At Lorem Maecenas per posuere volutpat','2000-12-11','080-2-5634295-8-6'),(199,'Magnis orci erat condimentum sodales','2006-01-14','739-1-02-343036-2'),(200,'Felis','2009-06-12','295-6-88931-211-2'),(201,'Fermentum ante In pede Quisque Praesent','2010-04-06','378-2-7670-4069-8'),(202,'Cras in Mauris feugiat commodo accumsan','2014-09-23','703-3-4185758-8-5'),(203,'Tristique condimentum','2004-02-05','752-3-88-805933-3'),(204,'Mollis est nonummy bibendum','2012-07-11','947-8-0484298-6-4'),(205,'Cubilia mi mauris bibendum','1990-04-28','512-2-773779-69-1'),(206,'Elementum Praesent eleifend','1994-04-22','571-4-856522-02-3'),(207,'Dapibus fermentum','1999-11-09','270-3-61614-261-2'),(208,'Quis','2014-11-12','527-7-48464-360-8'),(209,'Risus','2002-12-01','863-8-90-449876-6'),(210,'Dolor Phasellus euismod','2001-08-18','579-7-6913134-1-0'),(211,'Pretium tempor semper urna','1999-08-16','997-9-385170-68-6'),(212,'Vitae Mauris adipiscing Nam Donec sociis','1992-03-21','634-9-15-712091-8'),(213,'Nec quis velit urna','2007-05-13','504-0-940543-48-4'),(214,'Posuere Nam cubilia','2013-09-25','162-7-11861-562-0'),(215,'Aliquet tellus vitae Etiam porta nec','2012-05-28','631-6-6508682-9-9'),(216,'Quis habitant Morbi habitant sollicitudin ridiculus','2012-01-02','110-1-5049-6758-5'),(217,'Montes nisi ridiculus pretium quis','2007-04-03','608-3-037908-34-7'),(218,'Metus cursus sagittis dui blandit gravida','1993-01-15','900-6-73-516993-9'),(219,'Mollis diam dictum in gravida','1992-01-02','558-5-11093-565-8'),(220,'Ornare sociosqu','1996-01-08','453-6-7548529-4-5'),(221,'Molestie tortor','1999-07-26','503-2-8749312-8-0'),(222,'Donec lacus fermentum auctor','1993-01-04','683-8-753908-26-6'),(223,'Diam','2015-01-17','914-0-480526-37-7'),(224,'Nascetur ipsum ipsum semper consequat','1990-12-15','045-4-66-077206-8'),(225,'Euismod commodo','2001-07-24','823-8-805362-62-4'),(226,'Mi laoreet cursus imperdiet lectus lobortis','2000-06-06','209-9-295609-75-6'),(227,'Fusce magnis Curae mus Nunc','2004-08-18','401-7-3372776-7-6'),(228,'Sed justo interdum ligula Curae nascetur','2014-10-19','380-8-7758-6568-4'),(229,'Nibh','2009-01-24','205-9-6303-7258-8'),(230,'Fusce','2011-08-28','254-7-25-901166-5'),(231,'Turpis Nulla magna','1993-05-23','805-7-1890757-2-7'),(232,'Vel sed aliquam inceptos id fames','2007-01-25','507-4-71805-528-2'),(233,'Diam suscipit Aenean mi','1995-08-18','677-8-13-043469-2'),(234,'Consectetuer elementum arcu litora','2012-11-28','940-9-922888-92-0'),(235,'Aenean','1990-05-18','692-2-0398302-9-0'),(236,'Leo porta','2007-11-29','304-0-753762-78-8'),(237,'Leo','2001-02-12','013-1-37500-566-9'),(238,'Eu sem nunc lobortis Morbi','1997-03-03','102-7-22-171074-6'),(239,'At feugiat dui adipiscing','1998-10-26','322-2-830784-71-6'),(240,'Vehicula venenatis cubilia','2010-05-25','507-1-9873480-1-1'),(241,'Diam risus a Nulla ac','2005-02-24','191-3-0500-0751-7'),(242,'Elit natoque suscipit','2000-08-16','486-7-63-565917-5'),(243,'Nonummy vestibulum ridiculus ut vitae','2003-12-23','364-3-667818-32-9'),(244,'Mauris ultricies','2012-05-08','141-0-104666-22-0'),(245,'Posuere Class scelerisque leo congue','2011-04-23','108-8-38532-520-6'),(246,'Nulla varius','2013-02-09','642-6-9071-9140-0'),(247,'Dignissim vel','1991-08-30','103-5-4374-5207-9'),(248,'Proin','1998-04-26','577-1-219984-64-2'),(249,'Sagittis','1998-02-19','365-0-52-027621-3'),(250,'Cubilia','2009-08-14','356-8-4579038-2-4'),(251,'Cum','2003-08-01','759-5-6888-8057-3'),(252,'Imperdiet sociis habitant ac','1994-02-28','671-1-35-021942-5'),(253,'Ultricies','2005-07-28','152-2-86-929750-6'),(254,'Litora lobortis','2005-12-15','123-4-24-716775-9'),(255,'Pellentesque ullamcorper Morbi fermentum morbi','1991-09-21','371-6-56-228465-2'),(256,'Ante fames montes euismod','1995-07-02','509-9-5144-2353-1'),(257,'Pharetra nulla Class','2005-04-12','762-3-0383-5018-8'),(258,'Est habitant Suspendisse pharetra','1991-01-01','870-5-1629-9618-1'),(259,'Nonummy et adipiscing fames litora ipsum','1994-06-14','194-5-3222-7358-5'),(260,'Blandit netus convallis imperdiet cursus','2000-12-02','216-1-86094-442-6'),(261,'Pharetra ornare imperdiet laoreet justo dapibus','2005-03-26','992-4-6247679-2-7'),(262,'Volutpat diam odio in','2008-02-24','009-2-90057-841-8'),(263,'Posuere facilisis auctor justo lacus','2008-09-19','172-7-688797-79-9'),(264,'Rhoncus eleifend Aenean Mauris pretium','2008-03-13','328-7-339848-01-4'),(265,'Elit taciti ultrices venenatis neque','2008-01-29','417-4-670881-12-7'),(266,'Etiam adipiscing Nam ante','1998-11-12','382-4-21635-908-8'),(267,'Consequat','2007-09-10','576-7-0484143-7-1'),(268,'Sodales conubia nascetur Vivamus senectus','1996-11-15','062-8-525718-31-8'),(269,'Feugiat quam at','1992-08-05','205-8-7802689-6-8'),(270,'Lorem orci inceptos nostra metus elementum','2005-09-29','556-1-97-679606-0'),(271,'Bibendum pulvinar','2007-06-19','245-7-0328135-9-6'),(272,'Augue Curabitur Nullam Aenean','1995-02-18','095-3-66-397698-9'),(273,'Lobortis porttitor montes Donec','2013-11-09','821-5-48-220661-6'),(274,'Nisi Duis vel','1997-03-17','447-8-2249-4884-6'),(275,'Litora','1993-08-17','872-1-82-006834-9'),(276,'Elementum ligula','1994-11-01','663-0-00825-866-4'),(277,'Turpis eleifend nec cubilia leo','1992-06-15','155-9-5969-9443-3'),(278,'Semper consectetuer elit','2014-12-11','717-0-052374-71-8'),(279,'Scelerisque','1992-02-01','784-9-2708-7360-3'),(280,'Litora mus purus','2007-02-11','195-9-24-910396-1'),(281,'Dui elementum convallis netus lacinia tellus','1995-04-15','022-4-17-595548-5'),(282,'Vivamus Aliquam','2005-04-29','446-1-07-298409-1'),(283,'Facilisi','2012-08-14','426-0-0110-8424-0'),(284,'Cum sociosqu','1993-10-10','604-2-99-284528-0'),(285,'Facilisis Pellentesque fringilla nostra Suspendisse','2003-01-27','206-6-246771-31-7'),(286,'Augue','1997-04-04','220-3-20620-245-0'),(287,'Sagittis rhoncus sollicitudin ligula','2013-01-19','409-5-0844-1151-7'),(288,'Odio eros In nunc','2006-04-06','595-9-1587-3219-4'),(289,'Egestas dui sociosqu Duis Cras','1992-02-29','809-3-65032-884-4'),(290,'Sit Mauris felis nunc lacinia','2013-07-19','847-8-1794-2989-1'),(291,'Elit Lorem Aenean cubilia in','2014-12-31','552-8-808406-94-4'),(292,'Etiam Mauris','1999-02-12','288-4-1771406-2-8'),(293,'Magna a feugiat dis ullamcorper','1996-01-30','632-7-424602-93-3'),(294,'Sodales primis magnis Suspendisse','1995-09-01','586-2-699435-97-7'),(295,'Auctor Maecenas scelerisque','2009-12-07','725-7-27216-917-6'),(296,'Donec tempus fringilla','2014-07-30','815-4-28036-377-1'),(297,'Fames laoreet dignissim eleifend cubilia','2009-05-19','727-0-3283276-7-8'),(298,'Ullamcorper Donec Ut montes','1997-04-29','939-9-82123-769-0'),(299,'Mauris','1994-01-06','351-7-55157-997-8'),(300,'Est Mauris sapien Ut','1998-03-01','341-9-8115-6016-8'),(301,'Faucibus','2003-05-27','595-0-9622881-9-2'),(302,'Vehicula','1995-08-16','936-2-7737-3342-2'),(303,'Commodo ornare aliquam at','2002-02-07','253-0-88-120176-7'),(304,'Hendrerit tristique non','2012-11-08','512-6-95-993081-7'),(305,'Interdum consequat massa Cum','1999-12-06','109-2-3662714-1-1'),(306,'Elementum Cras consectetuer Aliquam','2011-05-18','923-9-2113-9087-5'),(307,'Ut','2014-04-10','501-8-1178-6532-7'),(308,'Viverra','1991-06-17','623-1-08705-109-8'),(309,'Rhoncus sagittis','2009-11-13','829-1-7026-2039-8'),(310,'Velit massa tristique Suspendisse magna est','2006-03-05','493-0-7650-4132-2'),(311,'Massa elementum fermentum lectus','2004-11-29','365-2-5720045-3-7'),(312,'Parturient','1993-11-18','285-3-33-313975-5'),(313,'Vivamus rhoncus Quisque','1998-01-09','312-5-084802-10-5'),(314,'Id consequat gravida nonummy','1991-01-21','808-0-19-473109-4'),(315,'Urna feugiat','2001-03-13','797-4-83-438955-1'),(316,'Ultrices per','2011-07-07','006-8-7891-3370-7'),(317,'Condimentum aliquam','2004-10-05','757-7-8670-6872-7'),(318,'Magnis sit luctus hendrerit dolor','2000-01-15','052-6-387581-71-5'),(319,'Morbi ridiculus Mauris','1995-11-10','183-7-7786859-2-1'),(320,'Proin semper Ut ipsum libero malesuada','1994-08-09','205-8-1735470-3-6'),(321,'At viverra orci montes Curabitur','1990-12-11','571-7-7125894-8-3'),(322,'Consequat egestas consectetuer lacinia orci magnis','1996-09-30','846-5-71-597232-4'),(323,'Tortor Integer ante sapien erat tristique','1999-02-24','871-4-77-602708-5'),(324,'Ut','2007-03-26','285-7-1407905-1-3'),(325,'Consectetuer Suspendisse adipiscing mattis magnis','1994-03-09','357-5-23175-715-5'),(326,'Faucibus Aenean aliquam Class','2010-12-28','350-7-14-228691-9'),(327,'Ligula feugiat','2012-03-02','533-6-50624-144-9'),(328,'Dapibus erat dictum sociis pellentesque dui','2012-10-24','842-0-66-255286-8'),(329,'Mi molestie fames Morbi consequat','2009-10-20','687-8-5856-8945-4'),(330,'Magnis tellus Vivamus suscipit nibh','1996-06-08','625-1-82-305700-0'),(331,'Nunc hymenaeos aptent et libero','1995-10-27','714-6-23-122051-6'),(332,'Consequat habitant','1997-03-04','823-3-42567-529-4'),(333,'Habitant','2007-07-17','067-3-89427-343-6'),(334,'Aliquam','2014-01-04','384-0-21-673538-5'),(335,'Libero gravida','2005-11-21','427-6-755683-43-9'),(336,'Vivamus placerat','2005-10-17','077-7-6275-4278-1'),(337,'Diam porta sollicitudin dignissim','2010-05-16','240-7-39764-162-4'),(338,'Volutpat volutpat nascetur Quisque','2014-03-11','234-8-84581-557-8'),(339,'Habitant interdum vulputate eget Cum','1997-04-02','376-0-041305-66-3'),(340,'In','1992-06-03','286-3-16904-930-4'),(341,'Magna hendrerit vulputate nonummy pretium','2001-03-13','505-6-8473230-8-9'),(342,'Accumsan mattis erat tortor lorem per','2012-04-13','051-1-0235-9673-3'),(343,'Sed nisi','2008-06-03','066-1-90-521501-4'),(344,'Turpis ultrices','2006-08-18','066-3-87-332352-1'),(345,'Natoque sapien vitae Nunc viverra elementum','2011-02-08','323-2-82-485336-3'),(346,'Rhoncus','1997-01-31','083-7-83452-347-9'),(347,'Egestas orci sit mi lobortis','1993-10-16','375-7-9029-7941-7'),(348,'Amet luctus enim netus semper purus','1995-11-22','566-4-8374189-8-5'),(349,'Mauris','1991-06-03','822-1-4577-4953-2'),(350,'Tempor','2008-01-13','684-3-2511-8930-5'),(351,'Eleifend senectus nunc bibendum Sed','2002-05-14','094-9-9393188-8-3'),(352,'Pulvinar eleifend','2009-03-16','348-7-535068-06-2'),(353,'Ut pellentesque Suspendisse Phasellus','1993-07-14','211-0-42-070811-6'),(354,'Libero sollicitudin luctus elit elit','1998-08-01','870-4-6199357-9-9'),(355,'Diam augue risus','1990-04-01','980-0-9598293-1-6'),(356,'Ad Integer','1999-08-10','899-1-96-560546-2'),(357,'Eget','2005-01-19','363-3-594860-56-4'),(358,'Semper id aptent pulvinar','2011-10-19','287-1-56293-147-1'),(359,'Massa Quisque ridiculus faucibus purus hendrerit','1993-05-30','073-3-76-311434-0'),(360,'Curabitur cursus','1998-10-28','870-7-18714-638-3'),(361,'Feugiat pellentesque Donec','2005-07-03','581-3-178688-92-5'),(362,'Luctus','1992-08-27','419-0-98613-146-4'),(363,'Ultrices sit','2005-05-19','783-2-259259-57-0'),(364,'Posuere','1993-02-10','107-5-50-700636-3'),(365,'Volutpat Phasellus nisi','2008-05-07','274-4-07864-423-8'),(366,'Pede','1997-03-22','389-1-3512248-4-8'),(367,'Venenatis parturient massa torquent sociis scelerisque','1998-09-19','281-1-66-458906-4'),(368,'Dui velit fermentum nunc Quisque','1990-07-03','167-3-58-086606-8'),(369,'Consequat interdum magnis nunc','2012-08-10','980-9-9234-6976-3'),(370,'Commodo quis','2013-10-11','026-3-10251-351-0'),(371,'Nostra taciti posuere porttitor orci amet','2003-01-17','473-5-489306-97-6'),(372,'Libero','2000-12-26','915-0-2530-0592-5'),(373,'Justo Suspendisse magna','2002-03-04','327-7-1976-8377-1'),(374,'Primis','2003-04-24','135-3-7982994-7-6'),(375,'Elit','2010-02-17','216-8-446322-03-6'),(376,'Arcu suscipit dapibus','1999-11-09','815-5-0073-1871-3'),(377,'Elementum nostra convallis','2013-09-15','655-0-531980-91-0'),(378,'Magnis mattis arcu Cras','2008-05-28','452-0-5754917-5-0'),(379,'Varius aliquam dis ipsum','2010-09-22','816-4-38861-451-8'),(380,'Integer facilisi','2002-09-09','572-2-08328-830-2'),(381,'Est Sed','1999-09-24','042-9-803323-99-2'),(382,'Ut cubilia ipsum dui','2005-05-08','499-5-98697-224-3'),(383,'Tempor neque congue In erat semper','1993-10-11','228-6-1430598-1-4'),(384,'Iaculis Cras Vivamus Morbi dolor aptent','1994-11-05','841-1-28-055145-5'),(385,'Lacinia','2010-06-25','392-8-62493-895-5'),(386,'Libero','1992-07-06','378-8-59-160360-0'),(387,'Gravida blandit nec egestas pulvinar purus','1995-12-02','007-6-74-562273-5'),(388,'Dis','2009-02-06','954-5-8826-1075-6'),(389,'Vel interdum','1992-01-22','542-2-3939-3257-1'),(390,'Sodales ante','1999-01-30','424-7-47175-018-7'),(391,'Ut facilisi erat magnis','2008-04-10','340-0-77357-344-3'),(392,'Cum sollicitudin sem','2007-08-15','040-8-51-616237-0'),(393,'Imperdiet aptent ornare Duis penatibus','2007-03-13','459-6-2173831-9-9'),(394,'Libero diam Nunc vel fringilla odio','2012-07-07','739-9-2139-8926-0'),(395,'Porta','1995-11-17','117-2-04725-216-8'),(396,'Suscipit primis senectus arcu nibh','1993-02-09','480-3-977023-62-5'),(397,'Eu venenatis','2013-06-22','392-2-8563-6357-3'),(398,'Aliquam aliquet tellus','2010-03-15','623-1-42364-006-6'),(399,'Accumsan orci','1993-12-20','698-0-30-137442-1'),(400,'Rhoncus Praesent','2010-06-07','182-4-712625-65-4'),(401,'Mollis turpis Vivamus nunc imperdiet','2001-11-24','809-7-4400718-9-0'),(402,'Integer felis pharetra ligula','2011-04-18','155-2-7595861-7-5'),(403,'Pellentesque Ut Duis lacinia','1990-03-26','727-0-00319-472-7'),(404,'Quam convallis Duis vel Mauris','1991-05-18','021-5-64-869504-3'),(405,'Sed vel','1995-03-04','072-0-1663-4660-5'),(406,'Eget morbi nascetur Sed ridiculus purus','2005-01-14','350-5-38-184373-3'),(407,'Sed','2011-10-31','267-5-876589-39-5'),(408,'Litora lorem sit','2006-04-18','355-1-604140-61-2'),(409,'Dignissim est semper scelerisque','1990-06-06','789-0-56-847942-0'),(410,'Felis ultrices consequat felis','2002-03-03','210-1-4298413-7-0'),(411,'Ut','2001-02-17','885-7-89683-944-4'),(412,'Dis In rhoncus massa','1992-03-19','145-6-56-291200-1'),(413,'Est sem augue blandit nonummy','2009-04-05','643-5-796078-84-4'),(414,'Dapibus','1991-03-26','695-8-947143-56-1'),(415,'Senectus','2000-04-01','314-0-264333-75-9'),(416,'Aliquet tempus per Nunc posuere','1999-05-17','238-2-3751-4377-0'),(417,'Congue leo gravida senectus','2011-02-22','682-3-84-192998-2'),(418,'Diam','1991-11-19','520-3-5803-6118-9'),(419,'Parturient semper sodales','2005-01-02','754-6-17678-270-9'),(420,'Montes mi montes lacinia iaculis','2011-01-14','938-9-625893-66-5'),(421,'Natoque fringilla Ut nunc gravida Proin','2001-03-24','001-5-5116-4488-9'),(422,'Sapien Lorem','2015-01-10','663-4-5225160-1-1'),(423,'Lorem Aliquam Vivamus','1995-02-21','836-9-48-089678-3'),(424,'Nonummy hendrerit Vestibulum augue','2014-10-15','901-7-06-900578-1'),(425,'Erat nisi convallis aliquam feugiat','2005-11-08','123-3-0280504-8-3'),(426,'Aliquet eu Nulla nunc','2005-03-29','275-1-21389-707-4'),(427,'Risus','2003-06-03','950-6-90281-137-8'),(428,'Luctus aliquam','1990-03-20','393-5-08013-369-4'),(429,'Ullamcorper nibh Nam Fusce natoque','1993-02-19','483-3-71847-668-3'),(430,'Maecenas','1997-11-27','224-7-8375055-3-6'),(431,'Pretium rutrum eleifend massa','1994-03-03','955-1-8307-8848-3'),(432,'Quam mi penatibus montes risus netus','2008-06-04','553-7-6348-4230-1'),(433,'Venenatis congue ut est aptent rutrum','2001-10-18','458-2-8129-0014-6'),(434,'Fusce','1998-03-17','959-1-34-428608-9'),(435,'Mauris montes bibendum','2010-02-02','694-0-343754-61-8'),(436,'Integer risus sed interdum leo','2003-03-17','272-9-6339893-5-2'),(437,'Posuere natoque eu consequat montes eros','2009-12-26','536-7-4337044-8-9'),(438,'Viverra auctor magna aliquam turpis ridiculus','2005-07-24','805-3-7596353-4-9'),(439,'Malesuada dui id sollicitudin vestibulum mattis','2008-04-10','500-3-26203-321-6'),(440,'Lorem amet consectetuer nostra felis lobortis','2007-06-01','935-4-9618873-7-3'),(441,'Blandit morbi elit Ut torquent lectus','2015-01-05','473-8-1677585-9-5'),(442,'Vel nec non sodales','2000-11-03','770-5-0341259-5-0'),(443,'Arcu luctus Nullam','1997-04-23','291-0-705717-66-5'),(444,'Conubia mi sit eros','1991-03-15','601-0-4421-8135-2'),(445,'Varius netus velit Quisque nulla','2004-03-29','678-4-0282723-6-3'),(446,'Dui fermentum sagittis dapibus Suspendisse accumsan','1990-11-28','374-6-6049-6683-1'),(447,'Pulvinar Praesent','1993-01-25','082-5-69-340511-0'),(448,'Fames egestas Mauris Aenean','1990-10-24','611-7-7777-3821-9'),(449,'Ut','2009-07-22','864-9-54-388398-8'),(450,'In sem ad','2002-11-26','440-4-3791344-3-2'),(451,'Felis lectus','2008-07-05','083-1-6834929-7-9'),(452,'Suspendisse','1990-05-28','339-7-24-793552-1'),(453,'Parturient nostra vestibulum egestas suscipit','2012-03-20','410-2-5908-1100-9'),(454,'Nullam eu magna','2002-01-18','799-5-69634-293-5'),(455,'Consectetuer','1995-08-22','553-6-775973-49-2'),(456,'Tempor','1997-03-16','288-0-36848-875-3'),(457,'Phasellus','2011-07-26','401-8-82406-510-5'),(458,'Tristique Integer metus hymenaeos sapien','1998-05-03','364-2-7565177-7-3'),(459,'Mus suscipit auctor','2006-01-29','212-5-022895-34-6'),(460,'In','2007-04-24','086-8-9112593-6-0'),(461,'Facilisi justo erat Phasellus nisi felis','1999-07-12','628-1-58283-963-1'),(462,'Mattis Nam nisl justo id luctus','1994-05-23','048-1-756328-78-7'),(463,'Fringilla sollicitudin sociosqu Etiam','2001-05-25','182-1-4287-7538-5'),(464,'Hymenaeos dignissim Aenean aliquet','1997-07-04','709-4-2603895-0-9'),(465,'Blandit ultrices convallis primis','2000-07-13','423-2-607119-62-9'),(466,'Curabitur varius eget Class urna','2001-02-03','486-6-01-714943-1'),(467,'Ad sit morbi mi In','2007-03-06','177-0-91951-941-3'),(468,'Dolor sapien massa accumsan','2002-09-14','695-9-378932-60-4'),(469,'Eget turpis primis','1990-06-27','770-5-88-041593-9'),(470,'Sit In Suspendisse Nunc sollicitudin','1999-07-20','006-9-2186-1754-9'),(471,'Aptent Lorem','2010-07-21','300-4-70644-933-2'),(472,'Ligula Cras Phasellus ac mi nulla','1991-07-29','087-8-820787-96-3'),(473,'Mauris ac eu facilisi','1997-02-06','048-7-51966-720-5'),(474,'Augue sapien gravida','1997-01-25','745-7-823610-30-0'),(475,'Ut sem Class congue tincidunt purus','1995-06-07','062-4-79507-287-2'),(476,'Laoreet lobortis dui vel fames','2002-02-04','757-4-31310-296-3'),(477,'Mus','1990-10-26','349-6-9164-4495-1'),(478,'Etiam lobortis habitant dapibus netus','2012-12-09','426-4-35-455653-3'),(479,'Venenatis tempus arcu','1995-09-23','102-0-576650-26-3'),(480,'Congue primis montes elit semper luctus','1999-01-14','850-6-12456-233-6'),(481,'Mollis at ultricies pellentesque adipiscing','2014-04-15','224-9-68-899737-1'),(482,'Per libero','2014-01-20','388-6-3664-2075-0'),(483,'Aptent arcu habitant','2014-05-16','719-5-628367-26-2'),(484,'Penatibus Sed sapien turpis suscipit morbi','2006-02-21','223-4-4713-2547-5'),(485,'Gravida eget Maecenas convallis lacus condimentum','1990-07-20','566-3-05861-334-2'),(486,'Eros posuere nulla commodo quis','2014-07-24','208-2-658644-35-0'),(487,'Pede tellus','1991-12-25','476-5-200126-39-0'),(488,'Iaculis mauris','1997-03-02','635-8-9925471-7-3'),(489,'Nunc','2001-04-02','682-9-16-781509-5'),(490,'Facilisis consectetuer','2010-06-18','280-8-6254-8026-6'),(491,'Velit sodales molestie litora elementum quam','2005-12-31','781-8-28-029442-1'),(492,'Tempus ridiculus dis nisl','2008-04-17','024-5-03-323122-8'),(493,'Magna aliquam Nam Nunc Mauris eros','2010-07-04','144-7-919372-34-0'),(494,'Natoque','2002-03-15','213-3-07-065615-3'),(495,'Nibh luctus','1996-07-23','710-2-5112-9866-6'),(496,'Velit porttitor nec montes','2004-04-02','920-9-45366-022-0'),(497,'Maecenas massa magna','1993-07-23','705-4-12432-245-9'),(498,'Nulla','2007-11-22','294-0-8130-4479-9'),(499,'Fusce molestie Ut','1995-07-24','893-6-45-017095-7'),(500,'Massa semper porta nisl commodo','2004-10-23','247-2-01-664413-6'),(501,'Hymenaeos eu nostra','1998-12-22','793-8-9110-9139-1'),(502,'Litora auctor vehicula vulputate','1992-04-14','090-1-248706-24-8'),(503,'Fusce Curae eget','1996-06-04','230-1-30889-041-5'),(504,'Dis ridiculus diam sapien','1997-05-15','682-2-47568-167-3'),(505,'Nulla fames magna interdum turpis et','1998-08-12','521-4-60-309645-5'),(506,'Orci tempus urna faucibus ultricies inceptos','1990-05-25','559-5-6431404-6-5'),(507,'Taciti','2010-07-05','725-2-807828-63-5'),(508,'Nulla justo ultrices non mauris Lorem','1999-02-07','806-2-43-181000-7'),(509,'Natoque Maecenas Curabitur commodo aliquet','1994-10-08','926-2-68314-108-0'),(510,'Justo aliquet vestibulum fames Cras mollis','2001-11-15','799-3-2159219-8-1'),(511,'Nulla est Nunc','1999-06-15','129-8-02-544656-6'),(512,'Molestie nisl metus Ut scelerisque','1997-03-28','077-5-207492-16-7'),(513,'Porttitor Duis ut ipsum nisl','1990-09-16','218-2-217879-47-7'),(514,'Euismod tempus','1997-01-26','212-1-3862-3229-9'),(515,'Scelerisque aliquam aliquet Nam','2010-09-11','846-8-992389-10-9'),(516,'Ipsum sapien montes ultrices consequat nostra','2013-01-09','247-5-591551-61-9'),(517,'Vivamus lectus odio accumsan','1999-12-18','117-6-5006861-0-1'),(518,'Nullam lacinia viverra Integer Morbi nunc','2010-05-19','078-9-10854-091-8'),(519,'Taciti sit felis Pellentesque','1993-05-10','159-6-26-192410-5'),(520,'At Curae felis lacus lectus','2010-05-04','489-7-0336521-2-0'),(521,'Rhoncus lectus accumsan lorem mattis','1999-11-13','269-3-84-765022-2'),(522,'Commodo tristique vestibulum semper','1991-05-05','570-1-63-583415-9'),(523,'In interdum tempus euismod In','1993-05-05','546-2-162444-07-6'),(524,'Felis semper lectus','2001-04-07','272-1-6861249-8-9'),(525,'Sapien pretium iaculis volutpat','1994-03-14','334-5-07-497286-6'),(526,'Condimentum et placerat','2003-06-15','979-7-572655-10-3'),(527,'Tincidunt tempus suscipit litora','1993-10-08','702-2-50-344962-0'),(528,'Porta fringilla luctus Proin','1991-05-07','142-7-3327541-2-7'),(529,'Fringilla Cum dui','2011-04-13','717-2-9312236-5-2'),(530,'Ac volutpat fermentum Class','1998-01-02','184-3-648722-98-6'),(531,'Lacinia Nunc sem ut ligula quam','2004-06-28','970-3-6691-9703-3'),(532,'Eu','2014-11-14','826-7-59606-939-4'),(533,'Hendrerit porta','1990-09-09','825-1-3005-3163-2'),(534,'Justo Curae','1991-07-08','870-5-74-863236-8'),(535,'Vel euismod pulvinar sociosqu tempus','2011-04-30','177-9-1805-4965-4'),(536,'Aptent a Quisque','2002-11-27','010-2-71827-952-2'),(537,'Laoreet fames consequat','1997-12-16','555-1-1814-7797-6'),(538,'Facilisis eleifend pretium ipsum mauris','2013-08-17','827-3-712571-84-8'),(539,'Praesent enim','2005-10-21','705-9-58765-818-4'),(540,'Habitant nascetur hymenaeos bibendum inceptos','2008-02-05','282-4-58514-512-3'),(541,'Urna elementum lacus interdum','1992-08-27','874-3-6974418-6-6'),(542,'Vulputate posuere sit nisl per elit','1999-04-04','765-2-2624019-2-6'),(543,'Aenean nec','1990-09-17','964-3-5692300-7-4'),(544,'Malesuada vestibulum et sit','2009-02-15','501-5-573014-79-8'),(545,'Sapien montes ultrices porta condimentum','2000-11-27','997-0-9057-4266-6'),(546,'Gravida aptent','2004-11-29','519-7-67-188036-7'),(547,'Faucibus vulputate risus pharetra dapibus','2005-10-09','665-0-9663-5532-6'),(548,'Taciti pulvinar massa pretium','1992-06-28','520-8-527066-08-1'),(549,'Natoque nec aliquam Integer magnis ornare','1996-02-09','065-5-0329530-3-9'),(550,'Cursus','2002-11-13','964-4-882670-19-2'),(551,'Nisl','2006-05-29','668-3-91480-275-0'),(552,'Lorem per senectus mattis','2004-05-08','733-5-5871-5469-4'),(553,'Accumsan ornare','1995-03-24','469-7-362240-65-3'),(554,'Urna est pretium congue scelerisque','2011-11-26','319-5-69-666633-0'),(555,'Accumsan','2006-02-20','925-7-173238-46-8'),(556,'Purus','2009-03-13','133-9-3424902-5-2'),(557,'Morbi','2002-06-02','719-0-835369-24-2'),(558,'Aenean Pellentesque sodales','2013-07-24','320-0-4716-6099-7'),(559,'Morbi feugiat varius lectus','1992-03-15','849-6-133188-42-5'),(560,'Penatibus aptent Donec sollicitudin','1990-08-18','538-1-74-902564-0'),(561,'Ante ac','1997-07-25','556-0-0287387-7-5'),(562,'Montes litora Cras Morbi rutrum nostra','2000-03-08','699-2-84-530174-2'),(563,'Ad bibendum','1991-07-30','145-3-26550-003-8'),(564,'Habitant et tempor sapien','2005-05-12','843-5-1192-5642-5'),(565,'In condimentum','2001-09-07','597-2-17627-375-9'),(566,'A Mauris ligula feugiat','2000-01-10','597-1-64232-793-9'),(567,'Leo amet laoreet augue','2002-04-29','839-9-7191550-1-3'),(568,'Duis ut','1999-04-02','602-4-2157503-2-6'),(569,'Neque blandit Phasellus luctus','1993-01-08','203-1-9406055-5-7'),(570,'Eleifend nisl Ut porta ad senectus','1991-07-07','894-8-673731-81-9'),(571,'Sed','1996-05-08','833-4-3386415-7-3'),(572,'Mus velit erat accumsan pede','2001-12-15','708-8-824674-44-6'),(573,'At Aliquam Curabitur Aenean','2007-08-18','678-2-317222-46-7'),(574,'Placerat nascetur accumsan ac','1999-03-06','648-1-745611-64-8'),(575,'Hendrerit eu mus condimentum tortor pretium','2000-01-27','843-1-2940367-5-4'),(576,'Accumsan','2009-02-15','399-2-327948-50-9'),(577,'Pellentesque','2000-09-11','207-9-67312-023-2'),(578,'Massa Nulla tincidunt','2013-01-25','646-8-633511-84-5'),(579,'Sociosqu nec tempus','2001-05-18','717-1-367666-04-4'),(580,'Enim nisl natoque','2004-05-19','051-6-22-503104-3'),(581,'Curabitur','1993-09-07','124-7-17246-254-4'),(582,'Aenean','2010-04-04','725-0-8266713-4-5'),(583,'Placerat sociis urna blandit','2010-08-19','567-7-86546-266-9'),(584,'Per Aenean ut','1998-10-12','871-7-38204-033-3'),(585,'Luctus','2012-06-03','076-8-1785948-0-3'),(586,'Cursus ante litora tellus','2006-12-08','873-3-5543952-0-6'),(587,'Morbi','1991-01-25','755-1-8689-8651-1'),(588,'Posuere congue','1990-11-18','733-1-53-110366-2'),(589,'Metus Lorem','1997-11-29','141-0-93607-854-5'),(590,'Tortor molestie natoque facilisis morbi Proin','2012-03-17','123-8-613909-51-1'),(591,'Sapien in','1998-05-15','240-1-18-629995-6'),(592,'Amet Curabitur','1994-10-03','546-9-5958-3512-4'),(593,'Ac massa In','2012-12-04','631-5-53539-399-3'),(594,'Turpis dui cursus','2011-10-30','054-6-72-782478-4'),(595,'Ridiculus ut parturient hymenaeos Cras','2008-08-19','191-9-22497-905-1'),(596,'Ligula molestie','2006-12-06','499-1-946311-07-6'),(597,'Cubilia leo in','2007-01-03','788-2-52-501054-9'),(598,'Aliquet sit massa faucibus volutpat est','2004-06-18','096-5-57-191823-5'),(599,'Diam at Aliquam','1997-11-03','532-6-6730433-0-9'),(600,'Hymenaeos vitae Fusce nisi tempus','1993-10-27','046-6-53678-801-8'),(601,'Faucibus sociis penatibus','1990-07-18','618-9-83-443001-5'),(602,'Lectus hymenaeos','2010-08-04','837-2-47819-452-2'),(603,'Rhoncus vel','2001-01-28','799-7-6757912-6-8'),(604,'Quisque penatibus Phasellus felis mauris','1999-02-20','576-0-78069-194-5'),(605,'Augue nec nec pulvinar','2001-05-10','966-5-09-925628-8'),(606,'Ultrices augue vehicula','1992-10-14','348-7-9794326-2-3'),(607,'Rutrum bibendum','1996-01-13','678-1-712329-73-2'),(608,'Risus','2013-06-29','873-9-711143-26-1'),(609,'Ut Nullam cursus ac condimentum neque','1995-08-27','389-7-5718516-6-6'),(610,'Porttitor','1999-07-25','363-0-262406-34-9'),(611,'Taciti mollis cursus Pellentesque','2009-12-09','334-1-9683-1112-9'),(612,'Sociosqu blandit taciti aliquam magna bibendum','2001-05-05','853-8-62-880040-2'),(613,'Nam feugiat sociosqu sit','1991-09-13','472-1-0565411-8-5'),(614,'Lobortis porttitor vehicula','1994-08-01','317-7-57-020751-4'),(615,'Congue penatibus','1991-09-06','655-8-54-606172-6'),(616,'Nunc volutpat primis Lorem','2003-05-05','043-6-23840-545-9'),(617,'Curabitur sollicitudin','2011-06-06','515-1-5025-2253-2'),(618,'Mus pharetra leo dapibus risus facilisi','1999-02-03','039-0-35-725228-8'),(619,'Inceptos cubilia erat luctus cursus','1993-10-11','981-2-0527864-8-0'),(620,'Sollicitudin ultricies laoreet taciti tortor fringilla','2011-05-21','488-9-70-499392-7'),(621,'Erat','1992-06-25','733-3-79920-667-4'),(622,'Nec adipiscing et hymenaeos hendrerit','1992-02-16','381-1-5616805-9-0'),(623,'Blandit eu','1999-09-17','962-5-80-390266-0'),(624,'Commodo nulla','2014-03-02','175-7-83637-451-8'),(625,'Ligula sem quam consequat','1990-05-03','076-8-9394-5947-1'),(626,'Luctus nostra ultricies leo dapibus natoque','1996-09-17','831-3-094929-99-5'),(627,'Felis pharetra Nullam','1995-11-24','556-8-8127564-8-7'),(628,'Duis bibendum tellus','1990-05-29','818-9-35-098674-1'),(629,'Pellentesque orci penatibus litora Sed','1999-08-30','410-4-2546404-9-3'),(630,'Tincidunt est parturient','2004-05-14','095-0-130518-46-4'),(631,'Class imperdiet','2012-08-14','423-4-5658-0048-9'),(632,'Habitant interdum Praesent','2004-07-23','566-3-86-996823-4'),(633,'Nibh imperdiet Mauris','1993-01-08','031-3-363322-55-5'),(634,'Cursus torquent facilisi','1991-08-07','825-6-0226-3058-9'),(635,'Donec erat enim mi imperdiet','1998-12-02','484-8-9658-9605-6'),(636,'A Class venenatis cursus','2012-05-09','286-0-0887019-8-4'),(637,'At sem massa','1994-12-25','075-8-486703-67-5'),(638,'Morbi viverra mollis nostra blandit','1990-10-22','332-8-37-587022-9'),(639,'Sodales morbi placerat feugiat felis Suspendisse','2001-09-10','046-6-1901-4495-5'),(640,'Pellentesque dictum rutrum','2004-03-29','057-9-5124731-6-1'),(641,'Amet quam nibh','1991-01-29','602-6-33570-594-1'),(642,'Integer nunc nec ultricies','1990-03-14','085-0-270076-56-1'),(643,'Nam ridiculus elementum','1994-07-05','600-5-9773914-4-6'),(644,'Dapibus Quisque per nascetur quam ridiculus','2014-11-15','724-4-161461-00-6'),(645,'Posuere in','1994-12-19','786-9-787379-77-8'),(646,'Quam odio sociosqu rhoncus conubia eros','1999-01-30','904-8-2023-5057-9'),(647,'Porttitor vehicula quam Suspendisse erat Curabitur','2015-02-13','581-5-996301-79-9'),(648,'Commodo','2004-07-30','282-5-753060-45-0'),(649,'Pede scelerisque facilisis','1994-08-15','652-6-8456671-8-9'),(650,'Scelerisque natoque sollicitudin turpis interdum convallis','2013-03-27','849-8-1532670-9-7'),(651,'Fermentum sagittis pulvinar Vestibulum','1996-09-22','079-5-4439-1817-0'),(652,'Sem condimentum inceptos Maecenas torquent magnis','1993-04-17','437-8-1511667-7-3'),(653,'Semper','2014-09-23','572-9-7487-0819-3'),(654,'In accumsan porttitor','1991-11-27','270-8-659588-32-9'),(655,'Turpis mi convallis auctor','1994-11-19','664-8-9989-5736-8'),(656,'Ac felis','2014-09-12','013-9-32-884839-5'),(657,'Leo taciti nunc mi Nulla sapien','1997-08-15','107-5-8339467-6-7'),(658,'Mauris dictum','2004-08-26','122-0-2937-0178-7'),(659,'Risus','2001-12-04','382-2-717244-14-1'),(660,'Laoreet est','2012-02-02','651-3-7466560-2-4'),(661,'Lorem dictum imperdiet augue','1997-03-16','169-4-9914-3952-1'),(662,'Felis rutrum at elit','1990-09-07','689-6-0511-3717-8'),(663,'Suspendisse magna Aliquam leo auctor','2002-10-04','971-4-293351-77-4'),(664,'Sed imperdiet lacinia per convallis volutpat','2002-11-17','094-3-6816-7381-1'),(665,'Nec pharetra Maecenas varius','2004-06-05','090-8-13559-066-6'),(666,'Nascetur','1997-03-03','089-7-07-223120-9'),(667,'Mauris massa hendrerit malesuada','2015-01-02','144-6-89-605984-1'),(668,'Convallis','1997-04-07','360-1-33-832581-2'),(669,'Velit','2007-06-28','884-8-34864-699-6'),(670,'Sociosqu ligula massa','1996-01-05','498-9-85531-211-8'),(671,'Praesent nisi Duis Ut','2006-03-15','049-3-99-927433-9'),(672,'Magna ornare aptent','1991-07-08','529-3-1008-2804-9'),(673,'Aliquet sodales malesuada ultricies','1996-04-11','874-1-73531-853-5'),(674,'Egestas vel malesuada augue','1999-07-23','573-6-311853-59-5'),(675,'Dictum sagittis pretium','1997-10-15','588-5-2060-2218-6'),(676,'Ligula primis ornare inceptos Class','2002-06-11','359-8-1256240-3-4'),(677,'Nonummy convallis sollicitudin odio ornare','2007-02-26','086-1-69-059838-7'),(678,'Fusce fringilla','1991-08-26','701-8-2063274-8-6'),(679,'Mauris ligula mi','1992-08-04','520-3-35913-737-0'),(680,'Ac elit vel arcu dui','1994-10-12','064-9-5091979-7-5'),(681,'Nisl enim lectus scelerisque','2001-01-05','773-3-06-006252-3'),(682,'Gravida nascetur','1997-11-18','216-8-56325-242-8'),(683,'Dis bibendum lorem lacinia Sed massa','1997-10-01','768-6-27346-714-0'),(684,'Donec sem','1998-03-15','431-1-0764870-1-0'),(685,'Nisl semper volutpat penatibus dui','1993-02-25','327-2-9863178-6-8'),(686,'Blandit taciti','2003-05-20','112-1-897126-78-1'),(687,'Sed','2015-02-02','831-7-26962-237-9'),(688,'Lacinia Curabitur','2008-01-08','975-4-027865-87-7'),(689,'Sed leo habitant ullamcorper adipiscing','1997-10-22','074-1-71867-962-2'),(690,'Fermentum senectus','2000-09-30','957-1-2582-7469-4'),(691,'Mus','2004-01-06','489-7-52-221917-4'),(692,'Aptent','2009-05-31','962-1-5878878-3-0'),(693,'Sociosqu dis Vestibulum dolor magnis adipiscing','1997-04-28','447-5-92-347178-5'),(694,'Nullam ad','2010-09-22','654-6-16-835993-4'),(695,'Posuere laoreet Fusce mattis ut convallis','1997-06-02','635-1-93-334080-5'),(696,'Congue','1993-02-11','553-1-11101-591-7'),(697,'Neque porta Mauris mauris','2014-07-19','301-1-4311-3527-5'),(698,'Euismod Etiam facilisi','1997-02-27','611-7-575687-66-2'),(699,'Auctor turpis Integer lobortis','1993-12-09','887-4-22669-405-0'),(700,'Ullamcorper at sapien','1996-11-02','862-3-8100-3267-2'),(701,'Sit','2001-07-19','389-7-535796-38-6'),(702,'Vestibulum arcu enim est','2013-04-08','966-5-86-642583-0'),(703,'In magnis nisl dolor mus ante','2006-01-13','975-4-4773115-3-7'),(704,'Commodo mauris','2001-11-11','274-6-8782492-1-1'),(705,'Dui Sed lobortis','2006-03-11','040-1-37967-400-1'),(706,'Inceptos nunc sociosqu penatibus sed','1993-03-29','097-1-39124-972-7'),(707,'Auctor nibh sociis odio at','1990-06-29','064-1-07-018934-3'),(708,'Feugiat tortor erat penatibus per vel','1994-02-12','881-9-037490-61-9'),(709,'Orci sociosqu bibendum habitant','2013-10-02','666-1-11-818183-5'),(710,'Mollis','2007-08-01','578-2-27683-548-3'),(711,'Vulputate','2004-11-29','746-1-04-023507-3'),(712,'Ipsum dolor Etiam Proin in sapien','2014-07-29','779-6-85788-278-6'),(713,'Class Suspendisse et Praesent semper','1991-02-09','985-0-1317-5484-2'),(714,'Quisque est Lorem elementum','1990-05-15','877-7-3826-4121-4'),(715,'Feugiat mus','1991-07-16','032-6-04549-944-7'),(716,'Aliquam','1996-08-17','430-1-8849-9139-2'),(717,'Primis aptent fames blandit nec','2011-04-20','072-0-911609-65-9'),(718,'Lorem mattis semper hymenaeos eget hendrerit','2009-08-09','747-0-61112-994-1'),(719,'Urna odio mauris lorem imperdiet habitant','1993-08-06','855-2-37343-344-2'),(720,'Metus ornare vestibulum','2009-04-14','956-6-79-655945-5'),(721,'Suscipit iaculis','2012-08-03','513-8-63082-919-2'),(722,'Mauris nostra condimentum Cum Cum neque','2011-01-12','740-2-6479-7619-8'),(723,'Elit Maecenas','2001-01-13','578-3-84071-953-6'),(724,'Sed mus','2013-06-08','570-2-86-998734-3'),(725,'Lacinia','1994-11-17','686-6-764050-05-6'),(726,'Vulputate sagittis Duis ornare lorem tempor','2007-12-14','789-4-2333358-1-6'),(727,'Mauris euismod dolor lacus','2000-05-26','286-4-41718-839-2'),(728,'Nostra placerat sit tempus Etiam','1991-03-05','322-1-1958-1031-7'),(729,'Maecenas euismod tempor','1991-06-19','367-4-5816-3234-0'),(730,'Aliquam','1991-10-07','569-2-61175-632-3'),(731,'Ac nonummy primis vulputate scelerisque','2003-04-24','267-9-44211-275-3'),(732,'Rutrum ut','1999-01-21','735-0-96-918927-3'),(733,'Gravida felis justo pulvinar ultrices','2013-11-29','484-5-85-052517-9'),(734,'Nam aptent','2006-02-08','966-1-3134448-9-1'),(735,'Suspendisse','2007-07-17','443-7-95044-547-2'),(736,'Sit faucibus porta ultrices nunc Aenean','1993-03-03','711-1-0559430-8-2'),(737,'Sagittis montes dignissim turpis interdum Vestibulum','1994-03-08','741-5-69665-609-8'),(738,'Facilisis','2010-02-23','138-6-05582-449-5'),(739,'Lorem Duis tristique elit leo ante','2002-08-14','536-0-41385-450-5'),(740,'Lectus urna sociosqu','2005-04-09','737-8-61110-157-7'),(741,'Magnis odio elit lectus vitae habitant','2014-02-05','209-9-3864862-5-8'),(742,'Tempor fringilla risus','2007-02-11','521-5-243853-29-2'),(743,'Sed','2001-05-01','681-2-44-488560-3'),(744,'Aliquet tortor','2011-12-04','059-2-3479185-0-2'),(745,'Fermentum','2011-03-16','368-3-47-035739-6'),(746,'In Class natoque dictum cubilia','1998-07-30','727-1-059030-44-3'),(747,'Posuere Nulla Fusce','2006-06-11','932-2-4000-9835-4'),(748,'Pede','1998-12-17','023-9-1127-0221-7'),(749,'Cras Curae nonummy facilisis nascetur commodo','1991-01-13','395-8-0093269-0-2'),(750,'Est Nunc nonummy','1996-06-30','872-8-93-480854-5'),(751,'Id Phasellus risus Lorem','2012-05-27','055-3-48101-277-1'),(752,'Etiam','2015-01-28','975-0-5533748-8-6'),(753,'Feugiat laoreet','1995-12-26','346-4-913456-74-7'),(754,'Aliquet nec tristique facilisi','1994-12-29','722-8-5522-4228-7'),(755,'Aliquet','1995-07-28','447-7-6382621-6-7'),(756,'Magna at dui','1990-08-05','760-8-71-379062-0'),(757,'Viverra semper leo Ut','2006-01-29','632-6-9807904-4-1'),(758,'Accumsan justo vestibulum taciti metus','1994-07-21','906-4-72159-767-4'),(759,'Sapien fermentum odio ut','1994-03-14','424-5-9345432-1-8'),(760,'Nonummy mattis Nullam Maecenas Suspendisse magna','1996-04-16','177-2-31256-082-6'),(761,'Penatibus Nam sociosqu Nulla feugiat','2003-07-24','210-3-8264347-9-6'),(762,'Posuere molestie mauris arcu varius habitant','1995-10-18','375-0-69948-596-3'),(763,'Vestibulum aptent nisi','1994-02-15','596-0-629240-25-7'),(764,'Duis tempor','2004-05-27','431-5-309794-00-9'),(765,'Augue interdum ultrices leo','2014-11-21','576-6-17914-582-0'),(766,'Risus arcu odio convallis inceptos vehicula','1990-12-21','084-5-935706-29-3'),(767,'Elit lobortis Etiam Class','2007-05-17','231-2-49-652992-0'),(768,'Lorem eros tortor','1991-12-20','185-3-4395864-9-0'),(769,'Ligula justo Integer cursus sed','2003-09-02','767-0-1078-5645-2'),(770,'Aptent iaculis justo fringilla dolor','2009-08-27','336-2-1911864-5-8'),(771,'Pulvinar','2005-07-17','758-6-5149-9472-9'),(772,'Magnis habitant vulputate','2010-05-28','559-0-4794810-7-3'),(773,'Class mollis fringilla','1993-10-07','235-2-0808434-6-3'),(774,'Sociosqu','2009-01-04','682-6-72199-095-7'),(775,'Posuere','2014-06-18','954-7-9286-7547-4'),(776,'Nostra auctor','2004-04-16','747-4-3468248-6-5'),(777,'Nascetur quis Nulla at placerat sit','1991-04-05','469-4-6441-3210-7'),(778,'Aliquet euismod nulla tellus','2004-03-12','333-5-914490-71-5'),(779,'Litora Etiam sapien scelerisque ultrices sem','2009-06-07','590-6-64236-981-2'),(780,'Hendrerit varius condimentum nascetur sollicitudin egestas','2008-09-15','394-0-3502-1206-6'),(781,'Vulputate et tincidunt nascetur bibendum','1998-10-19','997-0-36924-885-7'),(782,'Quis Nullam','2006-07-06','800-5-17080-941-7'),(783,'Semper vel Integer nec elementum Quisque','2010-10-27','705-1-71-802603-0'),(784,'Etiam varius','1996-10-11','071-3-223691-55-7'),(785,'Pharetra lacus','2001-03-04','220-7-55793-640-4'),(786,'Molestie nulla sollicitudin Ut','1997-01-19','472-3-968806-42-8'),(787,'Hendrerit','2010-09-18','931-4-918698-50-9'),(788,'Gravida purus Aenean primis','2014-09-06','456-2-460353-30-1'),(789,'Praesent velit ultrices sociis','1992-05-09','737-1-05-804399-8'),(790,'Et vel','1996-03-31','120-1-4973-2376-9'),(791,'Pulvinar fames odio vestibulum tincidunt non','1992-10-29','334-5-03613-771-3'),(792,'Lacus imperdiet hymenaeos','1995-03-01','638-0-2843-8512-2'),(793,'In Aliquam nisi cursus sem','2004-02-24','604-2-31-037688-5'),(794,'Venenatis Phasellus','1993-04-03','795-1-43-557005-6'),(795,'Eget luctus','1994-10-09','123-8-5087326-4-5'),(796,'Placerat tempus tortor dignissim netus sollicitudin','1997-09-23','548-0-30284-193-6'),(797,'Odio tortor natoque dis','1997-11-02','473-1-6265696-6-3'),(798,'Augue iaculis','2008-02-20','121-7-02-445371-4'),(799,'Vestibulum pharetra','2007-12-16','937-5-8115812-8-9'),(800,'Venenatis commodo hendrerit Proin','1996-12-14','070-0-36412-208-3'),(801,'Vitae consectetuer gravida at taciti','1996-04-04','592-9-2759-5223-1'),(802,'Ultrices velit nec elementum egestas','2004-02-14','059-6-78459-037-7'),(803,'Donec Vivamus tempor dignissim bibendum vitae','2010-09-24','111-7-8842501-8-3'),(804,'Nam pulvinar varius','1990-07-17','256-2-6236-9836-5'),(805,'Ut mattis Suspendisse Nam Phasellus congue','1992-03-05','169-6-25662-747-1'),(806,'Feugiat congue','2007-06-16','091-5-15839-210-8'),(807,'Aliquam ante cursus','1998-05-17','981-0-2954580-9-2'),(808,'Feugiat dis sociosqu','1993-03-21','722-0-90745-540-1'),(809,'Integer Aenean pretium sodales','2007-09-26','954-8-076736-31-5'),(810,'Semper ridiculus','2014-06-27','362-1-27-990622-7'),(811,'Hymenaeos enim Morbi sociis dictum euismod','1994-03-15','755-2-51-581535-7'),(812,'In','1996-05-26','815-7-95539-824-5'),(813,'Felis sodales Duis mattis imperdiet a','1998-06-01','506-9-87-617229-6'),(814,'Est turpis amet','1996-11-27','410-5-65950-131-3'),(815,'Torquent mollis','2002-05-05','333-6-10714-718-6'),(816,'Molestie sit','2009-12-24','824-0-98-772938-1'),(817,'Torquent Integer vitae nonummy','2009-08-02','833-7-6044-4362-0'),(818,'Massa mollis Lorem','1994-10-12','854-3-8815-4548-7'),(819,'Luctus Praesent ligula ultrices Mauris','2008-10-20','205-5-903068-64-3'),(820,'Curabitur elit','2004-11-15','112-6-79863-958-4'),(821,'Aliquet nisl Fusce','2003-10-14','108-3-90553-359-5'),(822,'Id','2012-03-23','163-4-48371-233-1'),(823,'Sagittis augue','2004-12-23','953-3-87802-092-8'),(824,'Ante ultricies','1997-07-18','509-3-6318602-3-6'),(825,'Netus eu gravida Proin primis laoreet','1993-05-25','208-2-49391-296-4'),(826,'Class velit sagittis viverra a Fusce','1990-09-30','580-9-5238-2822-4'),(827,'Iaculis','2011-02-03','478-3-2349-6636-9'),(828,'Integer Etiam a egestas','2014-01-22','498-6-57902-956-9'),(829,'Montes','1994-10-15','577-0-790096-34-1'),(830,'Aliquet aptent Vestibulum habitant dapibus','2006-03-05','521-7-525084-50-3'),(831,'Malesuada','2009-03-24','141-7-232777-76-8'),(832,'Vel mauris adipiscing justo imperdiet laoreet','2000-09-11','850-7-60-511714-3'),(833,'Blandit','2001-03-04','326-6-5645-3424-9'),(834,'Porta','2006-11-13','656-5-53797-775-7'),(835,'Sed','2005-01-18','189-3-03968-130-2'),(836,'Neque ridiculus Morbi','2010-03-01','020-8-13-029815-6'),(837,'Sed egestas volutpat','2011-04-01','499-1-797006-00-9'),(838,'Ultricies volutpat aliquam','2012-02-26','129-1-90751-612-4'),(839,'Montes malesuada ad dapibus hendrerit','2013-12-30','228-1-2513-5718-6'),(840,'Pulvinar Sed orci','2014-11-02','272-1-75059-712-0'),(841,'Penatibus luctus tincidunt Aliquam tellus aliquam','1997-12-06','068-3-5971-3101-6'),(842,'Tincidunt','1992-11-21','239-8-48938-780-8'),(843,'Enim Phasellus enim','1993-02-24','983-7-21040-472-1'),(844,'Feugiat malesuada rutrum pulvinar','1999-03-03','184-5-865811-74-1'),(845,'Iaculis sapien ipsum dui sagittis','2004-10-21','493-8-8955-1531-4'),(846,'Elementum ridiculus ullamcorper elementum sem','2000-08-10','246-2-50-957059-8'),(847,'Pellentesque','2007-12-05','884-3-12-974829-0'),(848,'Montes malesuada litora porttitor','1997-02-16','014-8-11-033786-4'),(849,'Tempus blandit Fusce Mauris','1993-02-04','708-7-864166-09-3'),(850,'Fringilla','1990-12-31','868-5-31-820158-8'),(851,'Pellentesque morbi lectus adipiscing','1994-03-14','296-8-01-173706-0'),(852,'Tempus ipsum penatibus','2002-01-16','685-7-6074-4909-8'),(853,'Lorem non pede nec porttitor ipsum','2001-06-05','082-0-001972-13-0'),(854,'Molestie sapien semper Etiam suscipit mollis','2004-05-10','822-1-1293-3983-3'),(855,'Pulvinar mus','2008-09-20','816-2-9373252-2-3'),(856,'Maecenas bibendum turpis Vestibulum Proin hendrerit','1998-05-17','956-8-2873-0959-6'),(857,'Sed penatibus elementum feugiat conubia','2003-03-05','817-8-7702-8373-4'),(858,'Vulputate Donec Etiam quam Mauris','1995-04-11','614-4-72318-424-9'),(859,'Hendrerit Cras','2000-11-24','425-4-69-391639-8'),(860,'Sit dictum','1995-10-22','350-0-85010-041-5'),(861,'Aliquam','2000-05-16','261-9-44-530638-3'),(862,'Parturient','1990-06-04','219-1-6793125-6-8'),(863,'Turpis nec Vivamus tincidunt','2007-06-04','581-2-73-615340-8'),(864,'Nullam laoreet Vestibulum','2011-05-19','531-6-32026-773-5'),(865,'Venenatis augue','2003-04-09','177-1-4209-1280-4'),(866,'At Ut dapibus consequat lacinia eleifend','2011-05-19','577-0-12587-196-7'),(867,'Parturient','2008-07-24','309-9-607201-97-7'),(868,'Ullamcorper purus in nisl','2011-04-27','881-4-23397-711-9'),(869,'Augue litora orci aliquet','2011-09-09','324-7-7006-8107-6'),(870,'Sed ornare','1997-03-14','733-3-907263-64-3'),(871,'Tempus nec pretium dapibus','2002-06-03','961-3-92371-640-9'),(872,'Montes venenatis felis at','1995-12-31','691-6-90-503717-7'),(873,'Porttitor Curabitur mi montes','1992-10-03','053-2-94886-321-6'),(874,'Posuere','2001-04-07','868-2-8527-0694-8'),(875,'Bibendum tristique mi pretium penatibus Mauris','1993-11-10','171-8-1910577-9-0'),(876,'Hymenaeos','2008-04-30','933-6-5716-5963-3'),(877,'Eget tempus','1993-10-31','286-2-441769-31-8'),(878,'Netus condimentum dolor','1998-12-21','723-5-314049-00-2'),(879,'Sed semper accumsan imperdiet nisl eleifend','2008-08-04','356-3-96680-387-3'),(880,'Nam enim congue Lorem felis nisl','2011-07-04','648-6-8960-9164-1'),(881,'Eget dapibus Phasellus morbi malesuada','2005-02-08','463-0-98-552102-7'),(882,'Habitant leo inceptos Aliquam dis','2000-03-08','008-7-81520-865-5'),(883,'Varius','1995-04-18','607-3-06-553340-8'),(884,'Imperdiet metus lacinia Ut pretium sollicitudin','2000-04-04','025-6-667344-10-3'),(885,'Eget','2004-10-28','030-4-4021-7290-8'),(886,'Nec mollis bibendum Mauris id','2006-02-04','785-0-37-868532-4'),(887,'Nibh in','2010-01-29','106-5-992404-42-8'),(888,'Inceptos sociosqu venenatis faucibus Morbi','1994-04-23','484-9-6278249-1-3'),(889,'Sit porta laoreet conubia urna','2000-08-23','125-9-6394978-7-1'),(890,'Suscipit turpis risus Duis','2014-04-12','489-2-2730-5808-8'),(891,'Facilisi','1993-10-17','378-1-4553-1413-4'),(892,'Tempus sapien','2000-05-11','671-5-89504-557-9'),(893,'Suscipit mattis elit magna Nulla sagittis','1991-08-08','663-5-324410-62-7'),(894,'Praesent diam dignissim mollis','1996-03-12','872-8-2819-7546-3'),(895,'Nisi gravida','2000-09-11','229-5-5555-6203-6'),(896,'Gravida ac fermentum per sed imperdiet','1995-06-19','905-8-552638-27-8'),(897,'Curabitur penatibus consequat lacus','2006-02-16','156-5-268205-71-8'),(898,'Curabitur vitae cursus hendrerit torquent','1993-11-26','718-5-8366741-6-7'),(899,'Turpis suscipit fames','1999-10-17','968-6-039590-28-1'),(900,'Ornare aliquet','1995-08-04','851-8-96-202736-0'),(901,'Suspendisse Mauris magnis','1994-11-09','779-8-7279915-3-3'),(902,'Ultrices sociis magnis','2003-02-19','861-2-40655-650-6'),(903,'Montes facilisis Nunc ipsum Nulla mauris','1992-04-18','254-5-032127-55-9'),(904,'Dolor leo est placerat suscipit','1993-12-05','046-3-3535-0760-8'),(905,'Euismod Cras velit','2009-12-20','139-9-46888-975-7'),(906,'Vitae congue sit Fusce','2003-05-30','814-7-72-881902-0'),(907,'Neque facilisis inceptos','1996-06-17','589-8-9394961-1-3'),(908,'Leo lorem ante posuere','1997-05-17','745-4-0047392-9-3'),(909,'Auctor','2005-03-22','662-9-9652-4957-7'),(910,'Dictum','2009-02-23','063-0-5875522-1-4'),(911,'Ultrices sollicitudin Class suscipit','2009-08-09','261-0-480079-70-9'),(912,'Libero Nam','2008-02-15','024-3-92-837163-1'),(913,'Auctor','2014-02-28','328-7-0898-1125-9'),(914,'Ut','2011-06-09','420-1-4385153-9-7'),(915,'Pretium Lorem eros fringilla lacus','1998-03-19','510-4-81-099111-7'),(916,'Odio Mauris iaculis sapien interdum lorem','1996-10-24','099-0-6117-0726-7'),(917,'Sem condimentum mus','2000-07-31','420-8-680621-69-7'),(918,'Ultrices','2014-10-17','625-2-4036-4284-3'),(919,'Purus luctus urna facilisi est','1997-11-19','141-0-69-405273-6'),(920,'Nam dictum aliquet aliquam','2013-11-16','607-7-23182-911-8'),(921,'Curae tincidunt eleifend hendrerit habitant Integer','1992-05-27','270-5-4184-9399-1'),(922,'Sollicitudin habitant','1995-03-24','495-6-861094-12-0'),(923,'Primis mi Proin accumsan','2011-12-23','660-9-8684256-0-4'),(924,'Porttitor justo tristique facilisis mi','2003-10-11','964-3-470489-12-7'),(925,'Aliquam egestas nostra ipsum imperdiet conubia','2010-08-05','269-4-0527-8303-8'),(926,'Tempus','2009-01-17','954-5-0483-0995-6'),(927,'Sociis sed Mauris mollis netus Proin','2001-07-11','702-1-58-985011-8'),(928,'Metus','2014-01-18','380-8-0001661-0-6'),(929,'Auctor velit montes a Duis','2002-05-06','006-9-9588-3222-5'),(930,'Taciti luctus tortor lacinia','2009-11-12','997-6-21-884368-3'),(931,'Ullamcorper','1999-05-25','025-6-981940-25-3'),(932,'Taciti luctus non','1995-08-23','552-8-8809-1093-7'),(933,'Nonummy sem','1999-04-09','761-5-22299-232-1'),(934,'Metus','2003-07-22','740-2-3367-2882-0'),(935,'Nec metus elementum vel mi','2012-01-19','896-6-32898-623-0'),(936,'Phasellus Nunc elementum pharetra sapien','2007-09-04','545-3-609016-15-8'),(937,'Suscipit hymenaeos Aliquam fermentum luctus sapien','2005-03-06','041-7-0212596-0-9'),(938,'Ad Nullam senectus','1991-02-18','532-6-248651-22-4'),(939,'Tortor sociosqu consectetuer vel','2002-07-10','898-0-05-124622-4'),(940,'Morbi ornare tincidunt Proin ad purus','1991-07-18','648-1-05-293016-7'),(941,'Vestibulum','2005-02-07','905-2-2457-9099-9'),(942,'Gravida posuere','1999-02-22','212-6-7108963-1-6'),(943,'Dui iaculis','2000-03-08','803-3-50910-208-1'),(944,'Iaculis','1994-04-13','606-5-377524-74-4'),(945,'Lectus','1990-04-08','542-8-2929307-6-4'),(946,'Felis Curae Suspendisse sapien risus','1990-11-11','438-6-8834024-9-1'),(947,'Nam tellus magnis','2005-10-02','689-2-44899-384-4'),(948,'Placerat dui','2001-02-04','250-6-4266589-5-3'),(949,'Non nostra Lorem hendrerit montes','1997-10-15','429-3-1843838-3-0'),(950,'Fringilla','1996-07-26','772-5-8165-3824-5'),(951,'Ad taciti rutrum eu tellus','1993-12-19','211-1-06-629092-8'),(952,'Leo','1997-12-07','887-2-8669451-1-9'),(953,'Feugiat tempor Mauris','2003-07-25','115-1-2394454-2-2'),(954,'Varius','2002-09-25','057-4-79681-282-5'),(955,'Volutpat lacus dapibus','2006-02-06','521-5-5651420-9-3'),(956,'Nisl pharetra nonummy tincidunt Nam','2009-07-13','366-9-3319-8592-4'),(957,'Interdum','1997-10-01','197-7-95-442127-7'),(958,'Ut urna','2005-07-28','339-8-47-061755-5'),(959,'Porttitor mus felis','2011-03-15','174-4-18309-198-2'),(960,'Fames Praesent egestas','2011-03-28','680-0-44-931907-5'),(961,'Molestie','1993-03-05','762-4-295890-90-8'),(962,'Fames aptent tellus parturient aptent','1991-08-17','519-6-51-673678-5'),(963,'Tellus sociis','1997-11-06','279-1-52-610405-5'),(964,'Luctus Vestibulum','2004-06-04','005-9-93244-669-2'),(965,'Luctus augue Cum tempus','2013-10-27','489-1-46608-662-8'),(966,'Ultricies','2013-10-07','426-5-9156698-3-5'),(967,'Porta condimentum nisl','2006-09-27','159-5-92-975836-6'),(968,'Eleifend lobortis blandit vitae','2006-09-07','211-7-4881882-1-4'),(969,'Rhoncus lobortis sodales natoque nunc odio','2006-09-15','200-8-3696983-7-2'),(970,'Odio massa vitae amet tempor','2013-11-13','245-2-7364-7215-0'),(971,'Posuere felis tincidunt pellentesque diam ligula','2009-04-15','949-1-3456077-2-1'),(972,'Mattis turpis In feugiat mauris pretium','1992-11-06','894-9-31-624184-4'),(973,'Curabitur','2000-07-15','922-7-4417-7257-5'),(974,'Ante pellentesque vehicula tempor','1994-11-05','200-7-3456631-7-5'),(975,'Donec aptent dictum quis pulvinar','2003-09-17','389-8-080751-48-0'),(976,'Imperdiet consequat Suspendisse ipsum nunc Vivamus','2008-05-06','966-6-7487478-5-4'),(977,'Per vehicula sagittis','1996-05-20','902-6-3808-3616-1'),(978,'Dapibus','2008-02-26','369-4-00598-629-3'),(979,'Enim ac venenatis fames Nam','1993-10-16','934-5-892767-80-5'),(980,'Molestie','2005-05-17','518-4-212196-63-7'),(981,'Pellentesque purus porta erat','1997-08-09','617-8-4546101-4-7'),(982,'Sagittis tincidunt','1993-10-21','394-0-22-125797-0'),(983,'Lacinia Vivamus bibendum','2011-10-31','911-9-9544144-4-5'),(984,'Enim nulla fermentum dictum','2002-05-31','763-8-090190-92-4'),(985,'Ullamcorper mi dignissim netus lacus blandit','1999-05-20','707-9-121817-87-0'),(986,'Sollicitudin ipsum aliquam','2013-12-15','369-7-10-120770-6'),(987,'Sem quam','2008-10-25','599-8-0179449-7-0'),(988,'Donec luctus','1993-01-21','246-6-1745525-6-1'),(989,'Felis tempor Fusce pretium','2009-09-30','276-3-9196225-9-3'),(990,'Habitant libero Nam Nullam','2003-09-19','287-2-065766-08-8'),(991,'Ultricies Maecenas neque','2012-02-02','315-3-0635427-8-5'),(992,'Vivamus','1993-06-04','958-7-723919-82-6'),(993,'Vulputate','1999-01-13','138-8-16359-935-9'),(994,'Tellus aliquam netus Donec vestibulum','2009-03-03','303-6-18-579223-9'),(995,'Pellentesque adipiscing Etiam Nullam taciti','2003-08-02','150-8-534663-01-5'),(996,'Laoreet odio','2003-08-12','691-7-9223-5868-8'),(997,'Urna Vestibulum ultricies nonummy felis Fusce','2014-08-02','938-3-3856-1527-6'),(998,'Nisi magna tortor','2004-05-28','792-4-06-554437-5'),(999,'Proin sollicitudin fames Suspendisse Nam posuere','1996-04-29','738-9-63635-677-9'),(1000,'Lectus','2014-03-10','392-0-8766-3032-3');
/*!40000 ALTER TABLE `book` ENABLE KEYS */;
UNLOCK TABLES;

--
-- Table structure for table `book_author`
--

DROP TABLE IF EXISTS `book_author`;
/*!40101 SET @saved_cs_client     = @@character_set_client */;
/*!40101 SET character_set_client = utf8 */;
CREATE TABLE `book_author` (
  `book_id` int(11) DEFAULT NULL,
  `author_id` int(11) DEFAULT NULL,
  KEY `author_id_idx` (`author_id`),
  KEY `book_id_author` (`book_id`),
  CONSTRAINT `author_id` FOREIGN KEY (`author_id`) REFERENCES `author` (`author_id`) ON DELETE NO ACTION ON UPDATE NO ACTION,
  CONSTRAINT `book_id_author` FOREIGN KEY (`book_id`) REFERENCES `book` (`book_id`) ON DELETE NO ACTION ON UPDATE NO ACTION
) ENGINE=InnoDB DEFAULT CHARSET=utf8;
/*!40101 SET character_set_client = @saved_cs_client */;

--
-- Dumping data for table `book_author`
--

LOCK TABLES `book_author` WRITE;
/*!40000 ALTER TABLE `book_author` DISABLE KEYS */;
INSERT INTO `book_author` VALUES (1,270),(2,509),(3,485),(4,375),(5,453),(6,97),(7,385),(8,568),(9,237),(10,146),(11,341),(12,687),(13,461),(14,251),(15,527),(16,70),(17,243),(18,311),(19,253),(20,235),(21,407),(22,114),(23,388),(24,188),(25,462),(26,522),(27,501),(28,435),(29,447),(30,620),(31,53),(32,605),(33,362),(34,215),(35,293),(36,317),(37,623),(38,172),(39,327),(40,738),(41,357),(42,480),(43,118),(44,465),(45,558),(46,237),(47,59),(48,177),(49,195),(50,687),(51,395),(52,405),(53,380),(54,512),(55,154),(56,199),(57,390),(58,482),(59,518),(60,706),(61,167),(62,619),(63,324),(64,223),(65,116),(66,350),(67,194),(68,650),(69,592),(70,205),(71,255),(72,511),(73,219),(74,394),(75,557),(76,132),(77,303),(78,180),(79,674),(80,240),(81,259),(82,700),(83,455),(84,306),(85,481),(86,170),(87,315),(88,382),(89,526),(90,44),(91,105),(92,732),(93,392),(94,300),(95,739),(96,195),(97,11),(98,239),(99,174),(100,685),(101,298),(102,139),(103,200),(104,220),(105,491),(106,387),(107,295),(108,371),(109,557),(110,132),(111,232),(112,106),(113,280),(114,308),(115,465),(116,134),(117,204),(118,276),(119,63),(120,126),(121,510),(122,475),(123,562),(124,11),(125,713),(126,476),(127,47),(128,665),(129,682),(130,55),(131,36),(132,242),(133,636),(134,74),(135,712),(136,374),(137,603),(138,466),(139,428),(140,471),(141,95),(142,9),(143,179),(144,491),(145,144),(146,152),(147,229),(148,327),(149,659),(150,700),(151,111),(152,228),(153,522),(154,603),(155,468),(156,489),(157,515),(158,309),(159,266),(160,84),(161,278),(162,564),(163,157),(164,558),(165,604),(166,310),(167,573),(168,649),(169,337),(170,190),(171,248),(172,506),(173,95),(174,113),(175,310),(176,528),(177,187),(178,348),(179,585),(180,593),(181,581),(182,63),(183,566),(184,440),(185,531),(186,166),(187,14),(188,433),(189,580),(190,94),(191,372),(192,425),(193,59),(194,550),(195,151),(196,313),(197,696),(198,160),(199,384),(200,30),(201,537),(202,22),(203,701),(204,571),(205,680),(206,298),(207,482),(208,610),(209,666),(210,195),(211,720),(212,350),(213,350),(214,196),(215,687),(216,519),(217,732),(218,513),(219,460),(220,694),(221,587),(222,324),(223,446),(224,614),(225,143),(226,443),(227,262),(228,218),(229,516),(230,41),(231,664),(232,130),(233,704),(234,337),(235,724),(236,259),(237,431),(238,433),(239,499),(240,635),(241,213),(242,214),(243,327),(244,629),(245,213),(246,703),(247,469),(248,554),(249,183),(250,470),(251,6),(252,520),(253,656),(254,479),(255,436),(256,708),(257,132),(258,56),(259,654),(260,398),(261,655),(262,557),(263,580),(264,408),(265,166),(266,55),(267,334),(268,256),(269,42),(270,330),(271,388),(272,117),(273,1),(274,689),(275,105),(276,451),(277,488),(278,462),(279,217),(280,643),(281,488),(282,531),(283,53),(284,175),(285,257),(286,104),(287,616),(288,114),(289,391),(290,556),(291,218),(292,643),(293,330),(294,737),(295,193),(296,499),(297,27),(298,292),(299,180),(300,587),(301,247),(302,341),(303,631),(304,660),(305,80),(306,339),(307,505),(308,268),(309,136),(310,644),(311,467),(312,684),(313,562),(314,87),(315,441),(316,616),(317,374),(318,517),(319,128),(320,187),(321,565),(322,538),(323,236),(324,622),(325,126),(326,475),(327,47),(328,85),(329,616),(330,534),(331,223),(332,277),(333,683),(334,543),(335,597),(336,284),(337,93),(338,616),(339,338),(340,319),(341,495),(342,437),(343,13),(344,185),(345,80),(346,273),(347,53),(348,671),(349,442),(350,351),(351,454),(352,665),(353,165),(354,731),(355,104),(356,267),(357,499),(358,687),(359,613),(360,149),(361,123),(362,579),(363,483),(364,590),(365,3),(366,500),(367,690),(368,361),(369,262),(370,147),(371,709),(372,679),(373,316),(374,379),(375,610),(376,332),(377,425),(378,452),(379,90),(380,467),(381,18),(382,592),(383,721),(384,117),(385,167),(386,35),(387,335),(388,46),(389,58),(390,407),(391,74),(392,456),(393,51),(394,97),(395,645),(396,608),(397,288),(398,653),(399,642),(400,681),(401,512),(402,26),(403,523),(404,239),(405,257),(406,208),(407,733),(408,337),(409,267),(410,341),(411,357),(412,370),(413,283),(414,332),(415,739),(416,310),(417,191),(418,699),(419,308),(420,600),(421,9),(422,225),(423,466),(424,113),(425,366),(426,519),(427,34),(428,190),(429,64),(430,267),(431,116),(432,110),(433,66),(434,549),(435,211),(436,665),(437,246),(438,427),(439,237),(440,654),(441,291),(442,700),(443,343),(444,102),(445,112),(446,593),(447,457),(448,692),(449,15),(450,157),(451,26),(452,616),(453,699),(454,560),(455,393),(456,191),(457,298),(458,359),(459,119),(460,424),(461,365),(462,158),(463,456),(464,410),(465,615),(466,650),(467,48),(468,129),(469,20),(470,530),(471,110),(472,616),(473,330),(474,62),(475,420),(476,306),(477,368),(478,637),(479,229),(480,650),(481,547),(482,208),(483,308),(484,355),(485,463),(486,210),(487,189),(488,178),(489,215),(490,446),(491,717),(492,339),(493,139),(494,136),(495,496),(496,546),(497,624),(498,389),(499,20),(500,542),(501,733),(502,75),(503,303),(504,182),(505,74),(506,602),(507,518),(508,503),(509,647),(510,560),(511,733),(512,317),(513,479),(514,352),(515,92),(516,214),(517,664),(518,43),(519,146),(520,121),(521,662),(522,608),(523,469),(524,719),(525,206),(526,378),(527,237),(528,140),(529,704),(530,223),(531,102),(532,732),(533,238),(534,723),(535,376),(536,188),(537,92),(538,410),(539,269),(540,310),(541,48),(542,547),(543,512),(544,518),(545,208),(546,380),(547,136),(548,693),(549,160),(550,103),(551,44),(552,266),(553,171),(554,294),(555,661),(556,683),(557,233),(558,212),(559,207),(560,122),(561,145),(562,192),(563,466),(564,612),(565,583),(566,540),(567,209),(568,529),(569,316),(570,377),(571,688),(572,35),(573,216),(574,473),(575,719),(576,738),(577,507),(578,424),(579,456),(580,50),(581,195),(582,434),(583,186),(584,405),(585,585),(586,593),(587,17),(588,46),(589,732),(590,671),(591,161),(592,233),(593,167),(594,29),(595,181),(596,456),(597,252),(598,537),(599,280),(600,175),(601,289),(602,455),(603,456),(604,278),(605,130),(606,510),(607,143),(608,327),(609,592),(610,647),(611,462),(612,24),(613,640),(614,443),(615,534),(616,133),(617,436),(618,698),(619,277),(620,261),(621,481),(622,463),(623,125),(624,349),(625,33),(626,589),(627,237),(628,451),(629,502),(630,170),(631,558),(632,672),(633,479),(634,102),(635,706),(636,539),(637,508),(638,478),(639,380),(640,26),(641,467),(642,680),(643,339),(644,401),(645,162),(646,333),(647,692),(648,173),(649,52),(650,691),(651,645),(652,95),(653,434),(654,615),(655,420),(656,79),(657,97),(658,452),(659,71),(660,134),(661,192),(662,295),(663,102),(664,643),(665,520),(666,531),(667,335),(668,284),(669,512),(670,254),(671,368),(672,202),(673,709),(674,681),(675,31),(676,534),(677,691),(678,447),(679,238),(680,666),(681,138),(682,485),(683,158),(684,728),(685,71),(686,326),(687,126),(688,434),(689,454),(690,98),(691,600),(692,683),(693,277),(694,573),(695,235),(696,664),(697,140),(698,33),(699,389),(700,682),(701,738),(702,422),(703,200),(704,504),(705,252),(706,313),(707,351),(708,284),(709,406),(710,52),(711,670),(712,256),(713,9),(714,538),(715,717),(716,228),(717,16),(718,584),(719,151),(720,664),(721,231),(722,168),(723,677),(724,488),(725,356),(726,215),(727,139),(728,477),(729,254),(730,6),(731,501),(732,465),(733,78),(734,163),(735,150),(736,547),(737,684),(738,228),(739,116),(740,524),(741,489),(742,88),(743,471),(744,145),(745,12),(746,311),(747,617),(748,494),(749,573),(750,353),(751,153),(752,285),(753,711),(754,404),(755,107),(756,287),(757,62),(758,403),(759,478),(760,98),(761,720),(762,171),(763,453),(764,279),(765,579),(766,248),(767,699),(768,566),(769,444),(770,639),(771,664),(772,131),(773,329),(774,44),(775,385),(776,300),(777,248),(778,616),(779,114),(780,483),(781,12),(782,521),(783,205),(784,158),(785,55),(786,550),(787,454),(788,583),(789,667),(790,144),(791,718),(792,45),(793,677),(794,690),(795,553),(796,707),(797,695),(798,306),(799,79),(800,510),(801,43),(802,488),(803,708),(804,656),(805,660),(806,193),(807,121),(808,574),(809,654),(810,71),(811,158),(812,74),(813,668),(814,716),(815,83),(816,585),(817,589),(818,226),(819,115),(820,432),(821,379),(822,57),(823,427),(824,445),(825,148),(826,719),(827,203),(828,98),(829,685),(830,304),(831,533),(832,152),(833,411),(834,46),(835,122),(836,554),(837,21),(838,636),(839,339),(840,235),(841,528),(842,693),(843,576),(844,592),(845,737),(846,134),(847,226),(848,423),(849,421),(850,249),(851,335),(852,482),(853,356),(854,631),(855,227),(856,660),(857,347),(858,626),(859,415),(860,119),(861,272),(862,430),(863,399),(864,156),(865,383),(866,627),(867,146),(868,721),(869,122),(870,482),(871,631),(872,218),(873,616),(874,169),(875,427),(876,565),(877,221),(878,357),(879,696),(880,438),(881,416),(882,666),(883,467),(884,9),(885,204),(886,302),(887,302),(888,194),(889,363),(890,338),(891,613),(892,19),(893,557),(894,482),(895,97),(896,688),(897,20),(898,36),(899,557),(900,587),(901,457),(902,564),(903,577),(904,253),(905,110),(906,118),(907,337),(908,217),(909,562),(910,705),(911,114),(912,268),(913,296),(914,332),(915,563),(916,284),(917,430),(918,694),(919,195),(920,482),(921,592),(922,24),(923,472),(924,556),(925,356),(926,234),(927,671),(928,322),(929,373),(930,49),(931,732),(932,234),(933,242),(934,407),(935,200),(936,529),(937,730),(938,19),(939,150),(940,464),(941,315),(942,670),(943,503),(944,438),(945,682),(946,564),(947,239),(948,76),(949,52),(950,731),(951,200),(952,210),(953,144),(954,520),(955,733),(956,396),(957,348),(958,192),(959,578),(960,455),(961,652),(962,508),(963,537),(964,12),(965,201),(966,418),(967,378),(968,620),(969,43),(970,483),(971,245),(972,169),(973,379),(974,390),(975,402),(976,730),(977,345),(978,215),(979,299),(980,201),(981,167),(982,735),(983,407),(984,188),(985,198),(986,159),(987,680),(988,361),(989,124),(990,481),(991,633),(992,24),(993,730),(994,97),(995,343),(996,652),(997,604),(998,358),(999,686),(1000,346);
/*!40000 ALTER TABLE `book_author` ENABLE KEYS */;
UNLOCK TABLES;

--
-- Table structure for table `book_publisher`
--

DROP TABLE IF EXISTS `book_publisher`;
/*!40101 SET @saved_cs_client     = @@character_set_client */;
/*!40101 SET character_set_client = utf8 */;
CREATE TABLE `book_publisher` (
  `book_id` int(11) DEFAULT NULL,
  `publisher_id` int(11) DEFAULT NULL,
  KEY `publisher_id_idx` (`publisher_id`),
  KEY `book_id_publisher_idx` (`book_id`),
  CONSTRAINT `book_id_publisher` FOREIGN KEY (`book_id`) REFERENCES `book` (`book_id`) ON DELETE NO ACTION ON UPDATE NO ACTION,
  CONSTRAINT `publisher_id` FOREIGN KEY (`publisher_id`) REFERENCES `publisher` (`publisher_id`) ON DELETE NO ACTION ON UPDATE NO ACTION
) ENGINE=InnoDB DEFAULT CHARSET=utf8;
/*!40101 SET character_set_client = @saved_cs_client */;

--
-- Dumping data for table `book_publisher`
--

LOCK TABLES `book_publisher` WRITE;
/*!40000 ALTER TABLE `book_publisher` DISABLE KEYS */;
INSERT INTO `book_publisher` VALUES (1,38),(2,49),(3,25),(4,18),(5,29),(6,10),(7,43),(8,10),(9,3),(10,8),(11,23),(12,18),(13,7),(14,53),(15,7),(16,40),(17,37),(18,18),(19,38),(20,14),(21,22),(22,31),(23,39),(24,42),(25,43),(26,44),(27,38),(28,28),(29,12),(30,49),(31,51),(32,37),(33,26),(34,30),(35,4),(36,8),(37,17),(38,8),(39,53),(40,16),(41,12),(42,44),(43,17),(44,22),(45,19),(46,37),(47,31),(48,48),(49,34),(50,10),(51,35),(52,19),(53,13),(54,2),(55,47),(56,13),(57,34),(58,29),(59,6),(60,2),(61,49),(62,8),(63,19),(64,27),(65,50),(66,29),(67,53),(68,32),(69,13),(70,20),(71,28),(72,47),(73,45),(74,9),(75,6),(76,44),(77,17),(78,8),(79,39),(80,5),(81,24),(82,43),(83,17),(84,13),(85,20),(86,50),(87,6),(88,52),(89,3),(90,31),(91,23),(92,6),(93,18),(94,7),(95,2),(96,37),(97,25),(98,43),(99,49),(100,15),(101,31),(102,40),(103,4),(104,6),(105,2),(106,30),(107,43),(108,29),(109,13),(110,46),(111,33),(112,29),(113,4),(114,10),(115,4),(116,7),(117,18),(118,52),(119,42),(120,45),(121,27),(122,9),(123,40),(124,19),(125,9),(126,26),(127,30),(128,24),(129,25),(130,30),(131,1),(132,10),(133,26),(134,34),(135,9),(136,15),(137,26),(138,9),(139,38),(140,39),(141,49),(142,27),(143,49),(144,24),(145,12),(146,10),(147,30),(148,19),(149,41),(150,38),(151,16),(152,2),(153,1),(154,14),(155,40),(156,31),(157,7),(158,16),(159,4),(160,38),(161,20),(162,31),(163,5),(164,40),(165,42),(166,50),(167,27),(168,19),(169,26),(170,3),(171,27),(172,25),(173,13),(174,11),(175,21),(176,33),(177,33),(178,10),(179,53),(180,15),(181,20),(182,21),(183,14),(184,39),(185,14),(186,44),(187,7),(188,12),(189,43),(190,15),(191,44),(192,39),(193,32),(194,41),(195,51),(196,28),(197,43),(198,10),(199,36),(200,12),(201,1),(202,23),(203,31),(204,44),(205,7),(206,12),(207,24),(208,29),(209,5),(210,39),(211,52),(212,38),(213,16),(214,16),(215,3),(216,7),(217,52),(218,42),(219,29),(220,14),(221,9),(222,6),(223,25),(224,32),(225,12),(226,51),(227,38),(228,48),(229,28),(230,11),(231,51),(232,17),(233,3),(234,38),(235,46),(236,39),(237,4),(238,20),(239,30),(240,17),(241,52),(242,49),(243,17),(244,30),(245,36),(246,32),(247,27),(248,46),(249,47),(250,34),(251,52),(252,14),(253,3),(254,44),(255,47),(256,20),(257,46),(258,38),(259,26),(260,5),(261,16),(262,17),(263,12),(264,25),(265,13),(266,44),(267,43),(268,26),(269,26),(270,53),(271,31),(272,14),(273,13),(274,30),(275,30),(276,34),(277,23),(278,34),(279,10),(280,35),(281,41),(282,11),(283,48),(284,52),(285,11),(286,32),(287,42),(288,30),(289,50),(290,13),(291,5),(292,7),(293,14),(294,36),(295,23),(296,12),(297,37),(298,46),(299,18),(300,10),(301,50),(302,25),(303,21),(304,4),(305,36),(306,12),(307,38),(308,5),(309,43),(310,20),(311,34),(312,29),(313,4),(314,11),(315,38),(316,7),(317,1),(318,52),(319,40),(320,42),(321,19),(322,2),(323,17),(324,28),(325,50),(326,5),(327,50),(328,9),(329,41),(330,46),(331,32),(332,52),(333,18),(334,18),(335,2),(336,3),(337,9),(338,1),(339,27),(340,16),(341,16),(342,10),(343,49),(344,41),(345,52),(346,42),(347,38),(348,46),(349,15),(350,8),(351,48),(352,3),(353,30),(354,42),(355,16),(356,37),(357,20),(358,6),(359,34),(360,12),(361,52),(362,14),(363,28),(364,32),(365,33),(366,23),(367,13),(368,24),(369,26),(370,16),(371,51),(372,24),(373,20),(374,12),(375,12),(376,46),(377,11),(378,4),(379,16),(380,13),(381,16),(382,18),(383,6),(384,19),(385,1),(386,29),(387,53),(388,2),(389,41),(390,2),(391,1),(392,18),(393,16),(394,20),(395,10),(396,52),(397,2),(398,16),(399,41),(400,27),(401,13),(402,25),(403,13),(404,45),(405,16),(406,35),(407,12),(408,21),(409,35),(410,43),(411,41),(412,23),(413,49),(414,53),(415,37),(416,30),(417,52),(418,26),(419,16),(420,43),(421,36),(422,7),(423,10),(424,45),(425,27),(426,49),(427,44),(428,11),(429,26),(430,29),(431,22),(432,4),(433,24),(434,31),(435,25),(436,20),(437,30),(438,49),(439,52),(440,33),(441,27),(442,42),(443,52),(444,1),(445,14),(446,31),(447,10),(448,23),(449,34),(450,52),(451,20),(452,19),(453,19),(454,50),(455,42),(456,53),(457,8),(458,47),(459,40),(460,1),(461,14),(462,15),(463,30),(464,46),(465,1),(466,9),(467,46),(468,37),(469,39),(470,19),(471,46),(472,9),(473,10),(474,31),(475,49),(476,29),(477,41),(478,40),(479,10),(480,11),(481,25),(482,19),(483,11),(484,37),(485,40),(486,44),(487,52),(488,13),(489,51),(490,7),(491,10),(492,51),(493,19),(494,43),(495,35),(496,23),(497,19),(498,26),(499,22),(500,52),(501,4),(502,35),(503,9),(504,39),(505,5),(506,27),(507,34),(508,2),(509,12),(510,3),(511,11),(512,46),(513,46),(514,45),(515,38),(516,11),(517,51),(518,31),(519,32),(520,6),(521,19),(522,40),(523,17),(524,35),(525,14),(526,44),(527,11),(528,11),(529,46),(530,49),(531,44),(532,16),(533,38),(534,44),(535,32),(536,26),(537,35),(538,7),(539,48),(540,33),(541,16),(542,47),(543,13),(544,34),(545,49),(546,42),(547,5),(548,9),(549,3),(550,14),(551,47),(552,27),(553,42),(554,19),(555,31),(556,16),(557,35),(558,41),(559,1),(560,51),(561,31),(562,38),(563,1),(564,35),(565,20),(566,25),(567,40),(568,13),(569,13),(570,28),(571,17),(572,50),(573,40),(574,45),(575,17),(576,30),(577,13),(578,19),(579,14),(580,38),(581,33),(582,11),(583,18),(584,44),(585,7),(586,27),(587,16),(588,45),(589,37),(590,8),(591,38),(592,47),(593,40),(594,11),(595,4),(596,31),(597,42),(598,46),(599,28),(600,35),(601,6),(602,49),(603,37),(604,2),(605,37),(606,46),(607,49),(608,30),(609,21),(610,48),(611,20),(612,33),(613,44),(614,34),(615,51),(616,29),(617,29),(618,25),(619,40),(620,23),(621,38),(622,29),(623,17),(624,12),(625,46),(626,53),(627,45),(628,31),(629,16),(630,5),(631,17),(632,50),(633,3),(634,34),(635,21),(636,33),(637,9),(638,48),(639,15),(640,46),(641,35),(642,53),(643,12),(644,41),(645,41),(646,52),(647,14),(648,6),(649,34),(650,26),(651,53),(652,11),(653,36),(654,19),(655,2),(656,8),(657,40),(658,42),(659,22),(660,41),(661,42),(662,48),(663,8),(664,11),(665,7),(666,12),(667,43),(668,37),(669,31),(670,2),(671,2),(672,37),(673,44),(674,23),(675,1),(676,20),(677,27),(678,15),(679,7),(680,19),(681,38),(682,8),(683,47),(684,35),(685,9),(686,48),(687,20),(688,11),(689,9),(690,38),(691,28),(692,1),(693,15),(694,19),(695,10),(696,20),(697,51),(698,3),(699,53),(700,41),(701,17),(702,39),(703,6),(704,13),(705,34),(706,33),(707,38),(708,53),(709,50),(710,27),(711,29),(712,48),(713,51),(714,22),(715,13),(716,50),(717,13),(718,3),(719,21),(720,40),(721,46),(722,32),(723,31),(724,45),(725,43),(726,31),(727,1),(728,23),(729,26),(730,14),(731,49),(732,35),(733,29),(734,51),(735,3),(736,18),(737,49),(738,26),(739,48),(740,32),(741,20),(742,15),(743,46),(744,37),(745,9),(746,12),(747,51),(748,28),(749,50),(750,40),(751,40),(752,17),(753,32),(754,27),(755,14),(756,7),(757,50),(758,24),(759,31),(760,43),(761,16),(762,34),(763,34),(764,41),(765,46),(766,25),(767,25),(768,1),(769,25),(770,37),(771,5),(772,48),(773,49),(774,42),(775,41),(776,37),(777,24),(778,43),(779,35),(780,46),(781,21),(782,22),(783,43),(784,52),(785,19),(786,10),(787,46),(788,10),(789,34),(790,26),(791,35),(792,6),(793,16),(794,40),(795,11),(796,16),(797,24),(798,51),(799,32),(800,48),(801,12),(802,26),(803,16),(804,52),(805,16),(806,1),(807,3),(808,48),(809,32),(810,6),(811,26),(812,47),(813,42),(814,24),(815,31),(816,5),(817,9),(818,20),(819,28),(820,19),(821,50),(822,23),(823,22),(824,4),(825,33),(826,18),(827,30),(828,33),(829,8),(830,1),(831,6),(832,20),(833,33),(834,5),(835,48),(836,37),(837,19),(838,3),(839,21),(840,48),(841,19),(842,12),(843,24),(844,50),(845,24),(846,16),(847,18),(848,25),(849,21),(850,18),(851,38),(852,47),(853,12),(854,42),(855,51),(856,1),(857,36),(858,15),(859,20),(860,14),(861,43),(862,10),(863,7),(864,17),(865,53),(866,7),(867,17),(868,12),(869,47),(870,15),(871,48),(872,31),(873,30),(874,33),(875,8),(876,27),(877,43),(878,26),(879,6),(880,11),(881,48),(882,40),(883,12),(884,26),(885,33),(886,2),(887,29),(888,26),(889,33),(890,35),(891,29),(892,2),(893,3),(894,29),(895,52),(896,8),(897,41),(898,20),(899,4),(900,26),(901,19),(902,42),(903,23),(904,11),(905,13),(906,22),(907,33),(908,47),(909,52),(910,32),(911,32),(912,39),(913,51),(914,4),(915,20),(916,52),(917,20),(918,18),(919,5),(920,26),(921,35),(922,33),(923,47),(924,39),(925,3),(926,12),(927,29),(928,4),(929,33),(930,3),(931,15),(932,25),(933,7),(934,7),(935,18),(936,20),(937,9),(938,32),(939,12),(940,47),(941,8),(942,51),(943,22),(944,15),(945,19),(946,33),(947,44),(948,20),(949,20),(950,39),(951,23),(952,39),(953,21),(954,1),(955,36),(956,30),(957,43),(958,37),(959,46),(960,51),(961,26),(962,46),(963,1),(964,39),(965,25),(966,46),(967,30),(968,41),(969,23),(970,2),(971,28),(972,32),(973,20),(974,6),(975,21),(976,7),(977,33),(978,51),(979,47),(980,46),(981,8),(982,49),(983,13),(984,45),(985,38),(986,32),(987,26),(988,24),(989,24),(990,42),(991,52),(992,16),(993,23),(994,25),(995,4),(996,39),(997,46),(998,34),(999,3),(1000,22);
/*!40000 ALTER TABLE `book_publisher` ENABLE KEYS */;
UNLOCK TABLES;

--
-- Temporary table structure for view `get_all`
--

DROP TABLE IF EXISTS `get_all`;
/*!50001 DROP VIEW IF EXISTS `get_all`*/;
SET @saved_cs_client     = @@character_set_client;
SET character_set_client = utf8;
/*!50001 CREATE TABLE `get_all` (
  `book_id` tinyint NOT NULL,
  `headline` tinyint NOT NULL,
  `year_of_publishing` tinyint NOT NULL,
  `ISBN` tinyint NOT NULL,
  `author_name` tinyint NOT NULL,
  `publisher_name` tinyint NOT NULL
) ENGINE=MyISAM */;
SET character_set_client = @saved_cs_client;

--
-- Temporary table structure for view `get_bookless_author`
--

DROP TABLE IF EXISTS `get_bookless_author`;
/*!50001 DROP VIEW IF EXISTS `get_bookless_author`*/;
SET @saved_cs_client     = @@character_set_client;
SET character_set_client = utf8;
/*!50001 CREATE TABLE `get_bookless_author` (
  `author_id` tinyint NOT NULL,
  `author` tinyint NOT NULL,
  `headline` tinyint NOT NULL
) ENGINE=MyISAM */;
SET character_set_client = @saved_cs_client;

--
-- Table structure for table `publisher`
--

DROP TABLE IF EXISTS `publisher`;
/*!40101 SET @saved_cs_client     = @@character_set_client */;
/*!40101 SET character_set_client = utf8 */;
CREATE TABLE `publisher` (
  `publisher_id` int(11) NOT NULL AUTO_INCREMENT,
  `name` varchar(45) DEFAULT NULL,
  PRIMARY KEY (`publisher_id`)
) ENGINE=InnoDB AUTO_INCREMENT=78 DEFAULT CHARSET=utf8;
/*!40101 SET character_set_client = @saved_cs_client */;

--
-- Dumping data for table `publisher`
--

LOCK TABLES `publisher` WRITE;
/*!40000 ALTER TABLE `publisher` DISABLE KEYS */;
INSERT INTO `publisher` VALUES (1,'Varius Et Euismod Associates'),(2,'Placerat Orci Inc.'),(3,'Eu Consulting'),(4,'Dapibus Consulting'),(5,'Adipiscing Elit Etiam Corporation'),(6,'Accumsan Convallis Ante Ltd'),(7,'Posuere Cubilia Foundation'),(8,'Gravida Corp.'),(9,'Enim Etiam Imperdiet LLC'),(10,'Ornare Tortor LLC'),(11,'Cubilia LLP'),(12,'Cubilia Corp.'),(13,'Montes Nascetur Ridiculus Institute'),(14,'Cursus PC'),(15,'Aenean Consulting'),(16,'Nascetur LLC'),(17,'Lorem Ipsum Dolor LLP'),(18,'Nec Incorporated'),(19,'Cras Eget Nisi LLC'),(20,'Lobortis Quis Pede Foundation'),(21,'Vestibulum LLC'),(22,'Vehicula Et Rutrum LLP'),(23,'Pharetra Felis Industries'),(24,'Porttitor Associates'),(25,'Nam Limited'),(26,'Turpis Nec Mauris LLC'),(27,'Augue Scelerisque Mollis Incorporated'),(28,'Posuere Enim Inc.'),(29,'Morbi Foundation'),(30,'Praesent Luctus PC'),(31,'Lacus Quisque Ltd'),(32,'Egestas PC'),(33,'Dolor Incorporated'),(34,'Arcu Vestibulum Ante Industries'),(35,'Enim LLC'),(36,'Neque PC'),(37,'Pellentesque Corp.'),(38,'Rhoncus Industries'),(39,'Dis Parturient Montes Incorporated'),(40,'Cum Sociis Natoque Foundation'),(41,'Nonummy Fusce Institute'),(42,'Id LLC'),(43,'Nostra Corporation'),(44,'Suspendisse Tristique Neque PC'),(45,'Libero Lacus Varius Corp.'),(46,'Donec Incorporated'),(47,'Enim Non Nisi Limited'),(48,'Nullam Inc.'),(49,'Ligula Eu Enim Consulting'),(50,'Sed Pede PC'),(51,'Ipsum Corporation'),(52,'Faucibus Consulting'),(53,'Auctor Ullamcorper Nisl Consulting');
/*!40000 ALTER TABLE `publisher` ENABLE KEYS */;
UNLOCK TABLES;

--
-- Dumping events for database 'library'
--

--
-- Dumping routines for database 'library'
--
/*!50003 DROP PROCEDURE IF EXISTS `get_author_id` */;
ALTER DATABASE `library` CHARACTER SET utf8 COLLATE utf8_general_ci ;
/*!50003 SET @saved_cs_client      = @@character_set_client */ ;
/*!50003 SET @saved_cs_results     = @@character_set_results */ ;
/*!50003 SET @saved_col_connection = @@collation_connection */ ;
/*!50003 SET character_set_client  = utf8 */ ;
/*!50003 SET character_set_results = utf8 */ ;
/*!50003 SET collation_connection  = utf8_general_ci */ ;
/*!50003 SET @saved_sql_mode       = @@sql_mode */ ;
/*!50003 SET sql_mode              = 'STRICT_TRANS_TABLES,NO_AUTO_CREATE_USER,NO_ENGINE_SUBSTITUTION' */ ;
DELIMITER ;;
CREATE DEFINER=`root`@`localhost` PROCEDURE `get_author_id`(IN p_first_name VARCHAR(45), IN p_last_name VARCHAR(45), OUT id INT)
BEGIN
SELECT author_id INTO id FROM library.author
WHERE first_name = p_first_name AND last_name = p_last_name;


END ;;
DELIMITER ;
/*!50003 SET sql_mode              = @saved_sql_mode */ ;
/*!50003 SET character_set_client  = @saved_cs_client */ ;
/*!50003 SET character_set_results = @saved_cs_results */ ;
/*!50003 SET collation_connection  = @saved_col_connection */ ;
ALTER DATABASE `library` CHARACTER SET utf8 COLLATE utf8_unicode_ci ;
/*!50003 DROP PROCEDURE IF EXISTS `get_publisher_id` */;
ALTER DATABASE `library` CHARACTER SET utf8 COLLATE utf8_general_ci ;
/*!50003 SET @saved_cs_client      = @@character_set_client */ ;
/*!50003 SET @saved_cs_results     = @@character_set_results */ ;
/*!50003 SET @saved_col_connection = @@collation_connection */ ;
/*!50003 SET character_set_client  = utf8 */ ;
/*!50003 SET character_set_results = utf8 */ ;
/*!50003 SET collation_connection  = utf8_general_ci */ ;
/*!50003 SET @saved_sql_mode       = @@sql_mode */ ;
/*!50003 SET sql_mode              = 'STRICT_TRANS_TABLES,NO_AUTO_CREATE_USER,NO_ENGINE_SUBSTITUTION' */ ;
DELIMITER ;;
CREATE DEFINER=`root`@`localhost` PROCEDURE `get_publisher_id`(IN p_publisher_name VARCHAR(45),OUT id INT)
BEGIN

SELECT publisher_id INTO id FROM library.publisher
WHERE name = p_publisher_name;


END ;;
DELIMITER ;
/*!50003 SET sql_mode              = @saved_sql_mode */ ;
/*!50003 SET character_set_client  = @saved_cs_client */ ;
/*!50003 SET character_set_results = @saved_cs_results */ ;
/*!50003 SET collation_connection  = @saved_col_connection */ ;
ALTER DATABASE `library` CHARACTER SET utf8 COLLATE utf8_unicode_ci ;

--
-- Final view structure for view `get_all`
--

/*!50001 DROP TABLE IF EXISTS `get_all`*/;
/*!50001 DROP VIEW IF EXISTS `get_all`*/;
/*!50001 SET @saved_cs_client          = @@character_set_client */;
/*!50001 SET @saved_cs_results         = @@character_set_results */;
/*!50001 SET @saved_col_connection     = @@collation_connection */;
/*!50001 SET character_set_client      = utf8 */;
/*!50001 SET character_set_results     = utf8 */;
/*!50001 SET collation_connection      = utf8_general_ci */;
/*!50001 CREATE ALGORITHM=UNDEFINED */
/*!50013 DEFINER=`root`@`localhost` SQL SECURITY DEFINER */
/*!50001 VIEW `get_all` AS select `book`.`book_id` AS `book_id`,`book`.`headline` AS `headline`,`book`.`year_of_publishing` AS `year_of_publishing`,`book`.`ISBN` AS `ISBN`,concat(`author`.`first_name`,' ',`author`.`last_name`) AS `author_name`,`publisher`.`name` AS `publisher_name` from ((((`book` left join `book_author` on((`book_author`.`book_id` = `book`.`book_id`))) left join `author` on((`book_author`.`author_id` = `author`.`author_id`))) left join `book_publisher` on((`book_publisher`.`book_id` = `book`.`book_id`))) left join `publisher` on((`book_publisher`.`publisher_id` = `publisher`.`publisher_id`))) */;
/*!50001 SET character_set_client      = @saved_cs_client */;
/*!50001 SET character_set_results     = @saved_cs_results */;
/*!50001 SET collation_connection      = @saved_col_connection */;

--
-- Final view structure for view `get_bookless_author`
--

/*!50001 DROP TABLE IF EXISTS `get_bookless_author`*/;
/*!50001 DROP VIEW IF EXISTS `get_bookless_author`*/;
/*!50001 SET @saved_cs_client          = @@character_set_client */;
/*!50001 SET @saved_cs_results         = @@character_set_results */;
/*!50001 SET @saved_col_connection     = @@collation_connection */;
/*!50001 SET character_set_client      = utf8 */;
/*!50001 SET character_set_results     = utf8 */;
/*!50001 SET collation_connection      = utf8_general_ci */;
/*!50001 CREATE ALGORITHM=UNDEFINED */
/*!50013 DEFINER=`root`@`localhost` SQL SECURITY DEFINER */
/*!50001 VIEW `get_bookless_author` AS select `author`.`author_id` AS `author_id`,concat(`author`.`first_name`,' ',`author`.`last_name`) AS `author`,`book`.`headline` AS `headline` from ((`author` left join `book_author` on((`book_author`.`author_id` = `author`.`author_id`))) left join `book` on((`book`.`book_id` = `book_author`.`book_id`))) where isnull(`book`.`headline`) */;
/*!50001 SET character_set_client      = @saved_cs_client */;
/*!50001 SET character_set_results     = @saved_cs_results */;
/*!50001 SET collation_connection      = @saved_col_connection */;
/*!40103 SET TIME_ZONE=@OLD_TIME_ZONE */;

/*!40101 SET SQL_MODE=@OLD_SQL_MODE */;
/*!40014 SET FOREIGN_KEY_CHECKS=@OLD_FOREIGN_KEY_CHECKS */;
/*!40014 SET UNIQUE_CHECKS=@OLD_UNIQUE_CHECKS */;
/*!40101 SET CHARACTER_SET_CLIENT=@OLD_CHARACTER_SET_CLIENT */;
/*!40101 SET CHARACTER_SET_RESULTS=@OLD_CHARACTER_SET_RESULTS */;
/*!40101 SET COLLATION_CONNECTION=@OLD_COLLATION_CONNECTION */;
/*!40111 SET SQL_NOTES=@OLD_SQL_NOTES */;

-- Dump completed on 2015-03-16 19:23:34
